from_county,to_county,facility,product,units,meta
KISII,GARISSA,Nyamache Hospital,Distibuted_Sunscreen_Lotions,331,Distibuted_Sunscreen_Lotions=1620; Distributed_After_Sun_Lotions=1620; Distributed_Protective_Clothings_Caps=405; Distributed_Protective_Clothings_Long_sleeved_T-Shirts=405
KISII,GARISSA,Nyamache Hospital,Distributed_Lip_Care_Products,331,Distibuted_Sunscreen_Lotions=1620; Distributed_After_Sun_Lotions=1620; Distributed_Protective_Clothings_Caps=405; Distributed_Protective_Clothings_Long_sleeved_T-Shirts=405
KISII,GARISSA,Nyamache Hospital,Distributed_After_Sun_Lotions,331,Distibuted_Sunscreen_Lotions=1620; Distributed_After_Sun_Lotions=1620; Distributed_Protective_Clothings_Caps=405; Distributed_Protective_Clothings_Long_sleeved_T-Shirts=405
KISII,GARISSA,Nyamache Hospital,Distributed_Protective_Clothings_Caps,83,Distibuted_Sunscreen_Lotions=1620; Distributed_After_Sun_Lotions=1620; Distributed_Protective_Clothings_Caps=405; Distributed_Protective_Clothings_Long_sleeved_T-Shirts=405
KISII,GARISSA,Nyamache Hospital,Distributed_Protective_Clothings_Long_sleeved_T-Shirts,83,Distibuted_Sunscreen_Lotions=1620; Distributed_After_Sun_Lotions=1620; Distributed_Protective_Clothings_Caps=405; Distributed_Protective_Clothings_Long_sleeved_T-Shirts=405
KISII,GARISSA,Nyamarambe/Nduru Hospital,Distibuted_Sunscreen_Lotions,442,Distibuted_Sunscreen_Lotions=2160; Distributed_After_Sun_Lotions=2160; Distributed_Protective_Clothings_Caps=540; Distributed_Protective_Clothings_Long_sleeved_T-Shirts=540
KISII,GARISSA,Nyamarambe/Nduru Hospital,Distributed_Lip_Care_Products,442,Distibuted_Sunscreen_Lotions=2160; Distributed_After_Sun_Lotions=2160; Distributed_Protective_Clothings_Caps=540; Distributed_Protective_Clothings_Long_sleeved_T-Shirts=540
KISII,GARISSA,Nyamarambe/Nduru Hospital,Distributed_After_Sun_Lotions,442,Distibuted_Sunscreen_Lotions=2160; Distributed_After_Sun_Lotions=2160; Distributed_Protective_Clothings_Caps=540; Distributed_Protective_Clothings_Long_sleeved_T-Shirts=540
KISII,GARISSA,Nyamarambe/Nduru Hospital,Distributed_Protective_Clothings_Caps,110,Distibuted_Sunscreen_Lotions=2160; Distributed_After_Sun_Lotions=2160; Distributed_Protective_Clothings_Caps=540; Distributed_Protective_Clothings_Long_sleeved_T-Shirts=540
KISII,GARISSA,Nyamarambe/Nduru Hospital,Distributed_Protective_Clothings_Long_sleeved_T-Shirts,110,Distibuted_Sunscreen_Lotions=2160; Distributed_After_Sun_Lotions=2160; Distributed_Protective_Clothings_Caps=540; Distributed_Protective_Clothings_Long_sleeved_T-Shirts=540
KISII,GARISSA,Kenyenya Hospital,Distibuted_Sunscreen_Lotions,295,Distibuted_Sunscreen_Lotions=1440; Distributed_After_Sun_Lotions=1440; Distributed_Protective_Clothings_Caps=360; Distributed_Protective_Clothings_Long_sleeved_T-Shirts=360
KISII,GARISSA,Kenyenya Hospital,Distributed_Lip_Care_Products,295,Distibuted_Sunscreen_Lotions=1440; Distributed_After_Sun_Lotions=1440; Distributed_Protective_Clothings_Caps=360; Distributed_Protective_Clothings_Long_sleeved_T-Shirts=360
KISII,GARISSA,Kenyenya Hospital,Distributed_After_Sun_Lotions,295,Distibuted_Sunscreen_Lotions=1440; Distributed_After_Sun_Lotions=1440; Distributed_Protective_Clothings_Caps=360; Distributed_Protective_Clothings_Long_sleeved_T-Shirts=360
KISII,GARISSA,Kenyenya Hospital,Distributed_Protective_Clothings_Caps,74,Distibuted_Sunscreen_Lotions=1440; Distributed_After_Sun_Lotions=1440; Distributed_Protective_Clothings_Caps=360; Distributed_Protective_Clothings_Long_sleeved_T-Shirts=360
KISII,GARISSA,Kenyenya Hospital,Distributed_Protective_Clothings_Long_sleeved_T-Shirts,74,Distibuted_Sunscreen_Lotions=1440; Distributed_After_Sun_Lotions=1440; Distributed_Protective_Clothings_Caps=360; Distributed_Protective_Clothings_Long_sleeved_T-Shirts=360
KISII,GARISSA,Ogembo Hosptal/Gucha,Distibuted_Sunscreen_Lotions,111,Distibuted_Sunscreen_Lotions=540; Distributed_After_Sun_Lotions=540; Distributed_Protective_Clothings_Caps=135; Distributed_Protective_Clothings_Long_sleeved_T-Shirts=135
KISII,GARISSA,Ogembo Hosptal/Gucha,Distributed_Lip_Care_Products,111,Distibuted_Sunscreen_Lotions=540; Distributed_After_Sun_Lotions=540; Distributed_Protective_Clothings_Caps=135; Distributed_Protective_Clothings_Long_sleeved_T-Shirts=135
KISII,GARISSA,Ogembo Hosptal/Gucha,Distributed_After_Sun_Lotions,111,Distibuted_Sunscreen_Lotions=540; Distributed_After_Sun_Lotions=540; Distributed_Protective_Clothings_Caps=135; Distributed_Protective_Clothings_Long_sleeved_T-Shirts=135
KISII,GARISSA,Ogembo Hosptal/Gucha,Distributed_Protective_Clothings_Caps,28,Distibuted_Sunscreen_Lotions=540; Distributed_After_Sun_Lotions=540; Distributed_Protective_Clothings_Caps=135; Distributed_Protective_Clothings_Long_sleeved_T-Shirts=135
KISII,GARISSA,Ogembo Hosptal/Gucha,Distributed_Protective_Clothings_Long_sleeved_T-Shirts,28,Distibuted_Sunscreen_Lotions=540; Distributed_After_Sun_Lotions=540; Distributed_Protective_Clothings_Caps=135; Distributed_Protective_Clothings_Long_sleeved_T-Shirts=135
KISII,GARISSA,Gesusu  Hospital,Distibuted_Sunscreen_Lotions,184,Distibuted_Sunscreen_Lotions=900; Distributed_After_Sun_Lotions=900; Distributed_Protective_Clothings_Caps=225; Distributed_Protective_Clothings_Long_sleeved_T-Shirts=225
KISII,GARISSA,Gesusu  Hospital,Distributed_Lip_Care_Products,184,Distibuted_Sunscreen_Lotions=900; Distributed_After_Sun_Lotions=900; Distributed_Protective_Clothings_Caps=225; Distributed_Protective_Clothings_Long_sleeved_T-Shirts=225
KISII,GARISSA,Gesusu  Hospital,Distributed_After_Sun_Lotions,184,Distibuted_Sunscreen_Lotions=900; Distributed_After_Sun_Lotions=900; Distributed_Protective_Clothings_Caps=225; Distributed_Protective_Clothings_Long_sleeved_T-Shirts=225
KISII,GARISSA,Gesusu  Hospital,Distributed_Protective_Clothings_Caps,46,Distibuted_Sunscreen_Lotions=900; Distributed_After_Sun_Lotions=900; Distributed_Protective_Clothings_Caps=225; Distributed_Protective_Clothings_Long_sleeved_T-Shirts=225
KISII,GARISSA,Gesusu  Hospital,Distributed_Protective_Clothings_Long_sleeved_T-Shirts,46,Distibuted_Sunscreen_Lotions=900; Distributed_After_Sun_Lotions=900; Distributed_Protective_Clothings_Caps=225; Distributed_Protective_Clothings_Long_sleeved_T-Shirts=225
KISII,GARISSA,Riyabe  Hospital,Distibuted_Sunscreen_Lotions,221,Distibuted_Sunscreen_Lotions=1080; Distributed_After_Sun_Lotions=1080; Distributed_Protective_Clothings_Caps=270; Distributed_Protective_Clothings_Long_sleeved_T-Shirts=270
KISII,GARISSA,Riyabe  Hospital,Distributed_Lip_Care_Products,221,Distibuted_Sunscreen_Lotions=1080; Distributed_After_Sun_Lotions=1080; Distributed_Protective_Clothings_Caps=270; Distributed_Protective_Clothings_Long_sleeved_T-Shirts=270
KISII,GARISSA,Riyabe  Hospital,Distributed_After_Sun_Lotions,221,Distibuted_Sunscreen_Lotions=1080; Distributed_After_Sun_Lotions=1080; Distributed_Protective_Clothings_Caps=270; Distributed_Protective_Clothings_Long_sleeved_T-Shirts=270
KISII,GARISSA,Riyabe  Hospital,Distributed_Protective_Clothings_Caps,55,Distibuted_Sunscreen_Lotions=1080; Distributed_After_Sun_Lotions=1080; Distributed_Protective_Clothings_Caps=270; Distributed_Protective_Clothings_Long_sleeved_T-Shirts=270
KISII,GARISSA,Riyabe  Hospital,Distributed_Protective_Clothings_Long_sleeved_T-Shirts,55,Distibuted_Sunscreen_Lotions=1080; Distributed_After_Sun_Lotions=1080; Distributed_Protective_Clothings_Caps=270; Distributed_Protective_Clothings_Long_sleeved_T-Shirts=270
KISII,GARISSA,Marani Hospital,Distibuted_Sunscreen_Lotions,147,Distibuted_Sunscreen_Lotions=720; Distributed_After_Sun_Lotions=720; Distributed_Protective_Clothings_Caps=180; Distributed_Protective_Clothings_Long_sleeved_T-Shirts=180
KISII,GARISSA,Marani Hospital,Distributed_Lip_Care_Products,147,Distibuted_Sunscreen_Lotions=720; Distributed_After_Sun_Lotions=720; Distributed_Protective_Clothings_Caps=180; Distributed_Protective_Clothings_Long_sleeved_T-Shirts=180
KISII,GARISSA,Marani Hospital,Distributed_After_Sun_Lotions,147,Distibuted_Sunscreen_Lotions=720; Distributed_After_Sun_Lotions=720; Distributed_Protective_Clothings_Caps=180; Distributed_Protective_Clothings_Long_sleeved_T-Shirts=180
KISII,GARISSA,Marani Hospital,Distributed_Protective_Clothings_Caps,37,Distibuted_Sunscreen_Lotions=720; Distributed_After_Sun_Lotions=720; Distributed_Protective_Clothings_Caps=180; Distributed_Protective_Clothings_Long_sleeved_T-Shirts=180
KISII,GARISSA,Marani Hospital,Distributed_Protective_Clothings_Long_sleeved_T-Shirts,37,Distibuted_Sunscreen_Lotions=720; Distributed_After_Sun_Lotions=720; Distributed_Protective_Clothings_Caps=180; Distributed_Protective_Clothings_Long_sleeved_T-Shirts=180
KISII,GARISSA,Kisii Lev 5,Distibuted_Sunscreen_Lotions,515,Distibuted_Sunscreen_Lotions=2520; Distributed_After_Sun_Lotions=2520; Distributed_Protective_Clothings_Caps=630; Distributed_Protective_Clothings_Long_sleeved_T-Shirts=630
KISII,GARISSA,Kisii Lev 5,Distributed_Lip_Care_Products,515,Distibuted_Sunscreen_Lotions=2520; Distributed_After_Sun_Lotions=2520; Distributed_Protective_Clothings_Caps=630; Distributed_Protective_Clothings_Long_sleeved_T-Shirts=630
KISII,GARISSA,Kisii Lev 5,Distributed_After_Sun_Lotions,515,Distibuted_Sunscreen_Lotions=2520; Distributed_After_Sun_Lotions=2520; Distributed_Protective_Clothings_Caps=630; Distributed_Protective_Clothings_Long_sleeved_T-Shirts=630
KISII,GARISSA,Kisii Lev 5,Distributed_Protective_Clothings_Caps,129,Distibuted_Sunscreen_Lotions=2520; Distributed_After_Sun_Lotions=2520; Distributed_Protective_Clothings_Caps=630; Distributed_Protective_Clothings_Long_sleeved_T-Shirts=630
KISII,GARISSA,Kisii Lev 5,Distributed_Protective_Clothings_Long_sleeved_T-Shirts,129,Distibuted_Sunscreen_Lotions=2520; Distributed_After_Sun_Lotions=2520; Distributed_Protective_Clothings_Caps=630; Distributed_Protective_Clothings_Long_sleeved_T-Shirts=630
KISII,GARISSA,Keumbu  Hospital,Distibuted_Sunscreen_Lotions,111,Distibuted_Sunscreen_Lotions=540; Distributed_After_Sun_Lotions=540; Distributed_Protective_Clothings_Caps=135; Distributed_Protective_Clothings_Long_sleeved_T-Shirts=135
KISII,GARISSA,Keumbu  Hospital,Distributed_Lip_Care_Products,111,Distibuted_Sunscreen_Lotions=540; Distributed_After_Sun_Lotions=540; Distributed_Protective_Clothings_Caps=135; Distributed_Protective_Clothings_Long_sleeved_T-Shirts=135
KISII,GARISSA,Keumbu  Hospital,Distributed_After_Sun_Lotions,111,Distibuted_Sunscreen_Lotions=540; Distributed_After_Sun_Lotions=540; Distributed_Protective_Clothings_Caps=135; Distributed_Protective_Clothings_Long_sleeved_T-Shirts=135
KISII,GARISSA,Keumbu  Hospital,Distributed_Protective_Clothings_Caps,28,Distibuted_Sunscreen_Lotions=540; Distributed_After_Sun_Lotions=540; Distributed_Protective_Clothings_Caps=135; Distributed_Protective_Clothings_Long_sleeved_T-Shirts=135
KISII,GARISSA,Keumbu  Hospital,Distributed_Protective_Clothings_Long_sleeved_T-Shirts,28,Distibuted_Sunscreen_Lotions=540; Distributed_After_Sun_Lotions=540; Distributed_Protective_Clothings_Caps=135; Distributed_Protective_Clothings_Long_sleeved_T-Shirts=135
KISII,TURKANA,Nyamache Hospital,Distibuted_Sunscreen_Lotions,149,Distibuted_Sunscreen_Lotions=1620; Distributed_After_Sun_Lotions=1620; Distributed_Protective_Clothings_Caps=405; Distributed_Protective_Clothings_Long_sleeved_T-Shirts=405
KISII,TURKANA,Nyamache Hospital,Distributed_Lip_Care_Products,149,Distibuted_Sunscreen_Lotions=1620; Distributed_After_Sun_Lotions=1620; Distributed_Protective_Clothings_Caps=405; Distributed_Protective_Clothings_Long_sleeved_T-Shirts=405
KISII,TURKANA,Nyamache Hospital,Distributed_After_Sun_Lotions,149,Distibuted_Sunscreen_Lotions=1620; Distributed_After_Sun_Lotions=1620; Distributed_Protective_Clothings_Caps=405; Distributed_Protective_Clothings_Long_sleeved_T-Shirts=405
KISII,TURKANA,Nyamache Hospital,Distributed_Protective_Clothings_Caps,37,Distibuted_Sunscreen_Lotions=1620; Distributed_After_Sun_Lotions=1620; Distributed_Protective_Clothings_Caps=405; Distributed_Protective_Clothings_Long_sleeved_T-Shirts=405
KISII,TURKANA,Nyamache Hospital,Distributed_Protective_Clothings_Long_sleeved_T-Shirts,37,Distibuted_Sunscreen_Lotions=1620; Distributed_After_Sun_Lotions=1620; Distributed_Protective_Clothings_Caps=405; Distributed_Protective_Clothings_Long_sleeved_T-Shirts=405
KISII,TURKANA,Nyamarambe/Nduru Hospital,Distibuted_Sunscreen_Lotions,198,Distibuted_Sunscreen_Lotions=2160; Distributed_After_Sun_Lotions=2160; Distributed_Protective_Clothings_Caps=540; Distributed_Protective_Clothings_Long_sleeved_T-Shirts=540
KISII,TURKANA,Nyamarambe/Nduru Hospital,Distributed_Lip_Care_Products,198,Distibuted_Sunscreen_Lotions=2160; Distributed_After_Sun_Lotions=2160; Distributed_Protective_Clothings_Caps=540; Distributed_Protective_Clothings_Long_sleeved_T-Shirts=540
KISII,TURKANA,Nyamarambe/Nduru Hospital,Distributed_After_Sun_Lotions,198,Distibuted_Sunscreen_Lotions=2160; Distributed_After_Sun_Lotions=2160; Distributed_Protective_Clothings_Caps=540; Distributed_Protective_Clothings_Long_sleeved_T-Shirts=540
KISII,TURKANA,Nyamarambe/Nduru Hospital,Distributed_Protective_Clothings_Caps,50,Distibuted_Sunscreen_Lotions=2160; Distributed_After_Sun_Lotions=2160; Distributed_Protective_Clothings_Caps=540; Distributed_Protective_Clothings_Long_sleeved_T-Shirts=540
KISII,TURKANA,Nyamarambe/Nduru Hospital,Distributed_Protective_Clothings_Long_sleeved_T-Shirts,50,Distibuted_Sunscreen_Lotions=2160; Distributed_After_Sun_Lotions=2160; Distributed_Protective_Clothings_Caps=540; Distributed_Protective_Clothings_Long_sleeved_T-Shirts=540
KISII,TURKANA,Kenyenya Hospital,Distibuted_Sunscreen_Lotions,132,Distibuted_Sunscreen_Lotions=1440; Distributed_After_Sun_Lotions=1440; Distributed_Protective_Clothings_Caps=360; Distributed_Protective_Clothings_Long_sleeved_T-Shirts=360
KISII,TURKANA,Kenyenya Hospital,Distributed_Lip_Care_Products,132,Distibuted_Sunscreen_Lotions=1440; Distributed_After_Sun_Lotions=1440; Distributed_Protective_Clothings_Caps=360; Distributed_Protective_Clothings_Long_sleeved_T-Shirts=360
KISII,TURKANA,Kenyenya Hospital,Distributed_After_Sun_Lotions,132,Distibuted_Sunscreen_Lotions=1440; Distributed_After_Sun_Lotions=1440; Distributed_Protective_Clothings_Caps=360; Distributed_Protective_Clothings_Long_sleeved_T-Shirts=360
KISII,TURKANA,Kenyenya Hospital,Distributed_Protective_Clothings_Caps,33,Distibuted_Sunscreen_Lotions=1440; Distributed_After_Sun_Lotions=1440; Distributed_Protective_Clothings_Caps=360; Distributed_Protective_Clothings_Long_sleeved_T-Shirts=360
KISII,TURKANA,Kenyenya Hospital,Distributed_Protective_Clothings_Long_sleeved_T-Shirts,33,Distibuted_Sunscreen_Lotions=1440; Distributed_After_Sun_Lotions=1440; Distributed_Protective_Clothings_Caps=360; Distributed_Protective_Clothings_Long_sleeved_T-Shirts=360
KISII,TURKANA,Ogembo Hosptal/Gucha,Distibuted_Sunscreen_Lotions,50,Distibuted_Sunscreen_Lotions=540; Distributed_After_Sun_Lotions=540; Distributed_Protective_Clothings_Caps=135; Distributed_Protective_Clothings_Long_sleeved_T-Shirts=135
KISII,TURKANA,Ogembo Hosptal/Gucha,Distributed_Lip_Care_Products,50,Distibuted_Sunscreen_Lotions=540; Distributed_After_Sun_Lotions=540; Distributed_Protective_Clothings_Caps=135; Distributed_Protective_Clothings_Long_sleeved_T-Shirts=135
KISII,TURKANA,Ogembo Hosptal/Gucha,Distributed_After_Sun_Lotions,50,Distibuted_Sunscreen_Lotions=540; Distributed_After_Sun_Lotions=540; Distributed_Protective_Clothings_Caps=135; Distributed_Protective_Clothings_Long_sleeved_T-Shirts=135
KISII,TURKANA,Ogembo Hosptal/Gucha,Distributed_Protective_Clothings_Caps,12,Distibuted_Sunscreen_Lotions=540; Distributed_After_Sun_Lotions=540; Distributed_Protective_Clothings_Caps=135; Distributed_Protective_Clothings_Long_sleeved_T-Shirts=135
KISII,TURKANA,Ogembo Hosptal/Gucha,Distributed_Protective_Clothings_Long_sleeved_T-Shirts,12,Distibuted_Sunscreen_Lotions=540; Distributed_After_Sun_Lotions=540; Distributed_Protective_Clothings_Caps=135; Distributed_Protective_Clothings_Long_sleeved_T-Shirts=135
KISII,TURKANA,Gesusu  Hospital,Distibuted_Sunscreen_Lotions,83,Distibuted_Sunscreen_Lotions=900; Distributed_After_Sun_Lotions=900; Distributed_Protective_Clothings_Caps=225; Distributed_Protective_Clothings_Long_sleeved_T-Shirts=225
KISII,TURKANA,Gesusu  Hospital,Distributed_Lip_Care_Products,83,Distibuted_Sunscreen_Lotions=900; Distributed_After_Sun_Lotions=900; Distributed_Protective_Clothings_Caps=225; Distributed_Protective_Clothings_Long_sleeved_T-Shirts=225
KISII,TURKANA,Gesusu  Hospital,Distributed_After_Sun_Lotions,83,Distibuted_Sunscreen_Lotions=900; Distributed_After_Sun_Lotions=900; Distributed_Protective_Clothings_Caps=225; Distributed_Protective_Clothings_Long_sleeved_T-Shirts=225
KISII,TURKANA,Gesusu  Hospital,Distributed_Protective_Clothings_Caps,21,Distibuted_Sunscreen_Lotions=900; Distributed_After_Sun_Lotions=900; Distributed_Protective_Clothings_Caps=225; Distributed_Protective_Clothings_Long_sleeved_T-Shirts=225
KISII,TURKANA,Gesusu  Hospital,Distributed_Protective_Clothings_Long_sleeved_T-Shirts,21,Distibuted_Sunscreen_Lotions=900; Distributed_After_Sun_Lotions=900; Distributed_Protective_Clothings_Caps=225; Distributed_Protective_Clothings_Long_sleeved_T-Shirts=225
KISII,TURKANA,Riyabe  Hospital,Distibuted_Sunscreen_Lotions,99,Distibuted_Sunscreen_Lotions=1080; Distributed_After_Sun_Lotions=1080; Distributed_Protective_Clothings_Caps=270; Distributed_Protective_Clothings_Long_sleeved_T-Shirts=270
KISII,TURKANA,Riyabe  Hospital,Distributed_Lip_Care_Products,99,Distibuted_Sunscreen_Lotions=1080; Distributed_After_Sun_Lotions=1080; Distributed_Protective_Clothings_Caps=270; Distributed_Protective_Clothings_Long_sleeved_T-Shirts=270
KISII,TURKANA,Riyabe  Hospital,Distributed_After_Sun_Lotions,99,Distibuted_Sunscreen_Lotions=1080; Distributed_After_Sun_Lotions=1080; Distributed_Protective_Clothings_Caps=270; Distributed_Protective_Clothings_Long_sleeved_T-Shirts=270
KISII,TURKANA,Riyabe  Hospital,Distributed_Protective_Clothings_Caps,25,Distibuted_Sunscreen_Lotions=1080; Distributed_After_Sun_Lotions=1080; Distributed_Protective_Clothings_Caps=270; Distributed_Protective_Clothings_Long_sleeved_T-Shirts=270
KISII,TURKANA,Riyabe  Hospital,Distributed_Protective_Clothings_Long_sleeved_T-Shirts,25,Distibuted_Sunscreen_Lotions=1080; Distributed_After_Sun_Lotions=1080; Distributed_Protective_Clothings_Caps=270; Distributed_Protective_Clothings_Long_sleeved_T-Shirts=270
KISII,TURKANA,Marani Hospital,Distibuted_Sunscreen_Lotions,66,Distibuted_Sunscreen_Lotions=720; Distributed_After_Sun_Lotions=720; Distributed_Protective_Clothings_Caps=180; Distributed_Protective_Clothings_Long_sleeved_T-Shirts=180
KISII,TURKANA,Marani Hospital,Distributed_Lip_Care_Products,66,Distibuted_Sunscreen_Lotions=720; Distributed_After_Sun_Lotions=720; Distributed_Protective_Clothings_Caps=180; Distributed_Protective_Clothings_Long_sleeved_T-Shirts=180
KISII,TURKANA,Marani Hospital,Distributed_After_Sun_Lotions,66,Distibuted_Sunscreen_Lotions=720; Distributed_After_Sun_Lotions=720; Distributed_Protective_Clothings_Caps=180; Distributed_Protective_Clothings_Long_sleeved_T-Shirts=180
KISII,TURKANA,Marani Hospital,Distributed_Protective_Clothings_Caps,16,Distibuted_Sunscreen_Lotions=720; Distributed_After_Sun_Lotions=720; Distributed_Protective_Clothings_Caps=180; Distributed_Protective_Clothings_Long_sleeved_T-Shirts=180
KISII,TURKANA,Marani Hospital,Distributed_Protective_Clothings_Long_sleeved_T-Shirts,16,Distibuted_Sunscreen_Lotions=720; Distributed_After_Sun_Lotions=720; Distributed_Protective_Clothings_Caps=180; Distributed_Protective_Clothings_Long_sleeved_T-Shirts=180
KISII,TURKANA,Kisii Lev 5,Distibuted_Sunscreen_Lotions,231,Distibuted_Sunscreen_Lotions=2520; Distributed_After_Sun_Lotions=2520; Distributed_Protective_Clothings_Caps=630; Distributed_Protective_Clothings_Long_sleeved_T-Shirts=630
KISII,TURKANA,Kisii Lev 5,Distributed_Lip_Care_Products,231,Distibuted_Sunscreen_Lotions=2520; Distributed_After_Sun_Lotions=2520; Distributed_Protective_Clothings_Caps=630; Distributed_Protective_Clothings_Long_sleeved_T-Shirts=630
KISII,TURKANA,Kisii Lev 5,Distributed_After_Sun_Lotions,231,Distibuted_Sunscreen_Lotions=2520; Distributed_After_Sun_Lotions=2520; Distributed_Protective_Clothings_Caps=630; Distributed_Protective_Clothings_Long_sleeved_T-Shirts=630
KISII,TURKANA,Kisii Lev 5,Distributed_Protective_Clothings_Caps,58,Distibuted_Sunscreen_Lotions=2520; Distributed_After_Sun_Lotions=2520; Distributed_Protective_Clothings_Caps=630; Distributed_Protective_Clothings_Long_sleeved_T-Shirts=630
KISII,TURKANA,Kisii Lev 5,Distributed_Protective_Clothings_Long_sleeved_T-Shirts,58,Distibuted_Sunscreen_Lotions=2520; Distributed_After_Sun_Lotions=2520; Distributed_Protective_Clothings_Caps=630; Distributed_Protective_Clothings_Long_sleeved_T-Shirts=630
KISII,TURKANA,Keumbu  Hospital,Distibuted_Sunscreen_Lotions,50,Distibuted_Sunscreen_Lotions=540; Distributed_After_Sun_Lotions=540; Distributed_Protective_Clothings_Caps=135; Distributed_Protective_Clothings_Long_sleeved_T-Shirts=135
KISII,TURKANA,Keumbu  Hospital,Distributed_Lip_Care_Products,50,Distibuted_Sunscreen_Lotions=540; Distributed_After_Sun_Lotions=540; Distributed_Protective_Clothings_Caps=135; Distributed_Protective_Clothings_Long_sleeved_T-Shirts=135
KISII,TURKANA,Keumbu  Hospital,Distributed_After_Sun_Lotions,50,Distibuted_Sunscreen_Lotions=540; Distributed_After_Sun_Lotions=540; Distributed_Protective_Clothings_Caps=135; Distributed_Protective_Clothings_Long_sleeved_T-Shirts=135
KISII,TURKANA,Keumbu  Hospital,Distributed_Protective_Clothings_Caps,12,Distibuted_Sunscreen_Lotions=540; Distributed_After_Sun_Lotions=540; Distributed_Protective_Clothings_Caps=135; Distributed_Protective_Clothings_Long_sleeved_T-Shirts=135
KISII,TURKANA,Keumbu  Hospital,Distributed_Protective_Clothings_Long_sleeved_T-Shirts,12,Distibuted_Sunscreen_Lotions=540; Distributed_After_Sun_Lotions=540; Distributed_Protective_Clothings_Caps=135; Distributed_Protective_Clothings_Long_sleeved_T-Shirts=135
KISII,TURKANA,Kisii Lev 5,Distibuted_Sunscreen_Lotions,1,Distibuted_Sunscreen_Lotions=2520; Distributed_After_Sun_Lotions=2520; Distributed_Protective_Clothings_Caps=630; Distributed_Protective_Clothings_Long_sleeved_T-Shirts=630
KISII,BUSIA,Nyamache Hospital,Distibuted_Sunscreen_Lotions,79,Distibuted_Sunscreen_Lotions=1620; Distributed_After_Sun_Lotions=1620; Distributed_Protective_Clothings_Caps=405; Distributed_Protective_Clothings_Long_sleeved_T-Shirts=405
KISII,BUSIA,Nyamache Hospital,Distributed_Lip_Care_Products,79,Distibuted_Sunscreen_Lotions=1620; Distributed_After_Sun_Lotions=1620; Distributed_Protective_Clothings_Caps=405; Distributed_Protective_Clothings_Long_sleeved_T-Shirts=405
KISII,BUSIA,Nyamache Hospital,Distributed_After_Sun_Lotions,79,Distibuted_Sunscreen_Lotions=1620; Distributed_After_Sun_Lotions=1620; Distributed_Protective_Clothings_Caps=405; Distributed_Protective_Clothings_Long_sleeved_T-Shirts=405
KISII,BUSIA,Nyamache Hospital,Distributed_Protective_Clothings_Caps,20,Distibuted_Sunscreen_Lotions=1620; Distributed_After_Sun_Lotions=1620; Distributed_Protective_Clothings_Caps=405; Distributed_Protective_Clothings_Long_sleeved_T-Shirts=405
KISII,BUSIA,Nyamache Hospital,Distributed_Protective_Clothings_Long_sleeved_T-Shirts,20,Distibuted_Sunscreen_Lotions=1620; Distributed_After_Sun_Lotions=1620; Distributed_Protective_Clothings_Caps=405; Distributed_Protective_Clothings_Long_sleeved_T-Shirts=405
KISII,BUSIA,Nyamarambe/Nduru Hospital,Distibuted_Sunscreen_Lotions,105,Distibuted_Sunscreen_Lotions=2160; Distributed_After_Sun_Lotions=2160; Distributed_Protective_Clothings_Caps=540; Distributed_Protective_Clothings_Long_sleeved_T-Shirts=540
KISII,BUSIA,Nyamarambe/Nduru Hospital,Distributed_Lip_Care_Products,105,Distibuted_Sunscreen_Lotions=2160; Distributed_After_Sun_Lotions=2160; Distributed_Protective_Clothings_Caps=540; Distributed_Protective_Clothings_Long_sleeved_T-Shirts=540
KISII,BUSIA,Nyamarambe/Nduru Hospital,Distributed_After_Sun_Lotions,105,Distibuted_Sunscreen_Lotions=2160; Distributed_After_Sun_Lotions=2160; Distributed_Protective_Clothings_Caps=540; Distributed_Protective_Clothings_Long_sleeved_T-Shirts=540
KISII,BUSIA,Nyamarambe/Nduru Hospital,Distributed_Protective_Clothings_Caps,26,Distibuted_Sunscreen_Lotions=2160; Distributed_After_Sun_Lotions=2160; Distributed_Protective_Clothings_Caps=540; Distributed_Protective_Clothings_Long_sleeved_T-Shirts=540
KISII,BUSIA,Nyamarambe/Nduru Hospital,Distributed_Protective_Clothings_Long_sleeved_T-Shirts,26,Distibuted_Sunscreen_Lotions=2160; Distributed_After_Sun_Lotions=2160; Distributed_Protective_Clothings_Caps=540; Distributed_Protective_Clothings_Long_sleeved_T-Shirts=540
KISII,BUSIA,Kenyenya Hospital,Distibuted_Sunscreen_Lotions,70,Distibuted_Sunscreen_Lotions=1440; Distributed_After_Sun_Lotions=1440; Distributed_Protective_Clothings_Caps=360; Distributed_Protective_Clothings_Long_sleeved_T-Shirts=360
KISII,BUSIA,Kenyenya Hospital,Distributed_Lip_Care_Products,70,Distibuted_Sunscreen_Lotions=1440; Distributed_After_Sun_Lotions=1440; Distributed_Protective_Clothings_Caps=360; Distributed_Protective_Clothings_Long_sleeved_T-Shirts=360
KISII,BUSIA,Kenyenya Hospital,Distributed_After_Sun_Lotions,70,Distibuted_Sunscreen_Lotions=1440; Distributed_After_Sun_Lotions=1440; Distributed_Protective_Clothings_Caps=360; Distributed_Protective_Clothings_Long_sleeved_T-Shirts=360
KISII,BUSIA,Kenyenya Hospital,Distributed_Protective_Clothings_Caps,18,Distibuted_Sunscreen_Lotions=1440; Distributed_After_Sun_Lotions=1440; Distributed_Protective_Clothings_Caps=360; Distributed_Protective_Clothings_Long_sleeved_T-Shirts=360
KISII,BUSIA,Kenyenya Hospital,Distributed_Protective_Clothings_Long_sleeved_T-Shirts,18,Distibuted_Sunscreen_Lotions=1440; Distributed_After_Sun_Lotions=1440; Distributed_Protective_Clothings_Caps=360; Distributed_Protective_Clothings_Long_sleeved_T-Shirts=360
KISII,BUSIA,Ogembo Hosptal/Gucha,Distibuted_Sunscreen_Lotions,26,Distibuted_Sunscreen_Lotions=540; Distributed_After_Sun_Lotions=540; Distributed_Protective_Clothings_Caps=135; Distributed_Protective_Clothings_Long_sleeved_T-Shirts=135
KISII,BUSIA,Ogembo Hosptal/Gucha,Distributed_Lip_Care_Products,26,Distibuted_Sunscreen_Lotions=540; Distributed_After_Sun_Lotions=540; Distributed_Protective_Clothings_Caps=135; Distributed_Protective_Clothings_Long_sleeved_T-Shirts=135
KISII,BUSIA,Ogembo Hosptal/Gucha,Distributed_After_Sun_Lotions,26,Distibuted_Sunscreen_Lotions=540; Distributed_After_Sun_Lotions=540; Distributed_Protective_Clothings_Caps=135; Distributed_Protective_Clothings_Long_sleeved_T-Shirts=135
KISII,BUSIA,Ogembo Hosptal/Gucha,Distributed_Protective_Clothings_Caps,7,Distibuted_Sunscreen_Lotions=540; Distributed_After_Sun_Lotions=540; Distributed_Protective_Clothings_Caps=135; Distributed_Protective_Clothings_Long_sleeved_T-Shirts=135
KISII,BUSIA,Ogembo Hosptal/Gucha,Distributed_Protective_Clothings_Long_sleeved_T-Shirts,7,Distibuted_Sunscreen_Lotions=540; Distributed_After_Sun_Lotions=540; Distributed_Protective_Clothings_Caps=135; Distributed_Protective_Clothings_Long_sleeved_T-Shirts=135
KISII,BUSIA,Gesusu  Hospital,Distibuted_Sunscreen_Lotions,44,Distibuted_Sunscreen_Lotions=900; Distributed_After_Sun_Lotions=900; Distributed_Protective_Clothings_Caps=225; Distributed_Protective_Clothings_Long_sleeved_T-Shirts=225
KISII,BUSIA,Gesusu  Hospital,Distributed_Lip_Care_Products,44,Distibuted_Sunscreen_Lotions=900; Distributed_After_Sun_Lotions=900; Distributed_Protective_Clothings_Caps=225; Distributed_Protective_Clothings_Long_sleeved_T-Shirts=225
KISII,BUSIA,Gesusu  Hospital,Distributed_After_Sun_Lotions,44,Distibuted_Sunscreen_Lotions=900; Distributed_After_Sun_Lotions=900; Distributed_Protective_Clothings_Caps=225; Distributed_Protective_Clothings_Long_sleeved_T-Shirts=225
KISII,BUSIA,Gesusu  Hospital,Distributed_Protective_Clothings_Caps,11,Distibuted_Sunscreen_Lotions=900; Distributed_After_Sun_Lotions=900; Distributed_Protective_Clothings_Caps=225; Distributed_Protective_Clothings_Long_sleeved_T-Shirts=225
KISII,BUSIA,Gesusu  Hospital,Distributed_Protective_Clothings_Long_sleeved_T-Shirts,11,Distibuted_Sunscreen_Lotions=900; Distributed_After_Sun_Lotions=900; Distributed_Protective_Clothings_Caps=225; Distributed_Protective_Clothings_Long_sleeved_T-Shirts=225
KISII,BUSIA,Riyabe  Hospital,Distibuted_Sunscreen_Lotions,53,Distibuted_Sunscreen_Lotions=1080; Distributed_After_Sun_Lotions=1080; Distributed_Protective_Clothings_Caps=270; Distributed_Protective_Clothings_Long_sleeved_T-Shirts=270
KISII,BUSIA,Riyabe  Hospital,Distributed_Lip_Care_Products,53,Distibuted_Sunscreen_Lotions=1080; Distributed_After_Sun_Lotions=1080; Distributed_Protective_Clothings_Caps=270; Distributed_Protective_Clothings_Long_sleeved_T-Shirts=270
KISII,BUSIA,Riyabe  Hospital,Distributed_After_Sun_Lotions,53,Distibuted_Sunscreen_Lotions=1080; Distributed_After_Sun_Lotions=1080; Distributed_Protective_Clothings_Caps=270; Distributed_Protective_Clothings_Long_sleeved_T-Shirts=270
KISII,BUSIA,Riyabe  Hospital,Distributed_Protective_Clothings_Caps,13,Distibuted_Sunscreen_Lotions=1080; Distributed_After_Sun_Lotions=1080; Distributed_Protective_Clothings_Caps=270; Distributed_Protective_Clothings_Long_sleeved_T-Shirts=270
KISII,BUSIA,Riyabe  Hospital,Distributed_Protective_Clothings_Long_sleeved_T-Shirts,13,Distibuted_Sunscreen_Lotions=1080; Distributed_After_Sun_Lotions=1080; Distributed_Protective_Clothings_Caps=270; Distributed_Protective_Clothings_Long_sleeved_T-Shirts=270
KISII,BUSIA,Marani Hospital,Distibuted_Sunscreen_Lotions,35,Distibuted_Sunscreen_Lotions=720; Distributed_After_Sun_Lotions=720; Distributed_Protective_Clothings_Caps=180; Distributed_Protective_Clothings_Long_sleeved_T-Shirts=180
KISII,BUSIA,Marani Hospital,Distributed_Lip_Care_Products,35,Distibuted_Sunscreen_Lotions=720; Distributed_After_Sun_Lotions=720; Distributed_Protective_Clothings_Caps=180; Distributed_Protective_Clothings_Long_sleeved_T-Shirts=180
KISII,BUSIA,Marani Hospital,Distributed_After_Sun_Lotions,35,Distibuted_Sunscreen_Lotions=720; Distributed_After_Sun_Lotions=720; Distributed_Protective_Clothings_Caps=180; Distributed_Protective_Clothings_Long_sleeved_T-Shirts=180
KISII,BUSIA,Marani Hospital,Distributed_Protective_Clothings_Caps,9,Distibuted_Sunscreen_Lotions=720; Distributed_After_Sun_Lotions=720; Distributed_Protective_Clothings_Caps=180; Distributed_Protective_Clothings_Long_sleeved_T-Shirts=180
KISII,BUSIA,Marani Hospital,Distributed_Protective_Clothings_Long_sleeved_T-Shirts,9,Distibuted_Sunscreen_Lotions=720; Distributed_After_Sun_Lotions=720; Distributed_Protective_Clothings_Caps=180; Distributed_Protective_Clothings_Long_sleeved_T-Shirts=180
KISII,BUSIA,Kisii Lev 5,Distibuted_Sunscreen_Lotions,123,Distibuted_Sunscreen_Lotions=2520; Distributed_After_Sun_Lotions=2520; Distributed_Protective_Clothings_Caps=630; Distributed_Protective_Clothings_Long_sleeved_T-Shirts=630
KISII,BUSIA,Kisii Lev 5,Distributed_Lip_Care_Products,123,Distibuted_Sunscreen_Lotions=2520; Distributed_After_Sun_Lotions=2520; Distributed_Protective_Clothings_Caps=630; Distributed_Protective_Clothings_Long_sleeved_T-Shirts=630
KISII,BUSIA,Kisii Lev 5,Distributed_After_Sun_Lotions,123,Distibuted_Sunscreen_Lotions=2520; Distributed_After_Sun_Lotions=2520; Distributed_Protective_Clothings_Caps=630; Distributed_Protective_Clothings_Long_sleeved_T-Shirts=630
KISII,BUSIA,Kisii Lev 5,Distributed_Protective_Clothings_Caps,31,Distibuted_Sunscreen_Lotions=2520; Distributed_After_Sun_Lotions=2520; Distributed_Protective_Clothings_Caps=630; Distributed_Protective_Clothings_Long_sleeved_T-Shirts=630
KISII,BUSIA,Kisii Lev 5,Distributed_Protective_Clothings_Long_sleeved_T-Shirts,31,Distibuted_Sunscreen_Lotions=2520; Distributed_After_Sun_Lotions=2520; Distributed_Protective_Clothings_Caps=630; Distributed_Protective_Clothings_Long_sleeved_T-Shirts=630
KISII,BUSIA,Keumbu  Hospital,Distibuted_Sunscreen_Lotions,26,Distibuted_Sunscreen_Lotions=540; Distributed_After_Sun_Lotions=540; Distributed_Protective_Clothings_Caps=135; Distributed_Protective_Clothings_Long_sleeved_T-Shirts=135
KISII,BUSIA,Keumbu  Hospital,Distributed_Lip_Care_Products,26,Distibuted_Sunscreen_Lotions=540; Distributed_After_Sun_Lotions=540; Distributed_Protective_Clothings_Caps=135; Distributed_Protective_Clothings_Long_sleeved_T-Shirts=135
KISII,BUSIA,Keumbu  Hospital,Distributed_After_Sun_Lotions,26,Distibuted_Sunscreen_Lotions=540; Distributed_After_Sun_Lotions=540; Distributed_Protective_Clothings_Caps=135; Distributed_Protective_Clothings_Long_sleeved_T-Shirts=135
KISII,BUSIA,Keumbu  Hospital,Distributed_Protective_Clothings_Caps,7,Distibuted_Sunscreen_Lotions=540; Distributed_After_Sun_Lotions=540; Distributed_Protective_Clothings_Caps=135; Distributed_Protective_Clothings_Long_sleeved_T-Shirts=135
KISII,BUSIA,Keumbu  Hospital,Distributed_Protective_Clothings_Long_sleeved_T-Shirts,7,Distibuted_Sunscreen_Lotions=540; Distributed_After_Sun_Lotions=540; Distributed_Protective_Clothings_Caps=135; Distributed_Protective_Clothings_Long_sleeved_T-Shirts=135
KISII,HOMA BAY,Nyamache Hospital,Distibuted_Sunscreen_Lotions,67,Distibuted_Sunscreen_Lotions=1620; Distributed_After_Sun_Lotions=1620; Distributed_Protective_Clothings_Caps=405; Distributed_Protective_Clothings_Long_sleeved_T-Shirts=405
KISII,HOMA BAY,Nyamache Hospital,Distributed_Lip_Care_Products,67,Distibuted_Sunscreen_Lotions=1620; Distributed_After_Sun_Lotions=1620; Distributed_Protective_Clothings_Caps=405; Distributed_Protective_Clothings_Long_sleeved_T-Shirts=405
KISII,HOMA BAY,Nyamache Hospital,Distributed_After_Sun_Lotions,67,Distibuted_Sunscreen_Lotions=1620; Distributed_After_Sun_Lotions=1620; Distributed_Protective_Clothings_Caps=405; Distributed_Protective_Clothings_Long_sleeved_T-Shirts=405
KISII,HOMA BAY,Nyamache Hospital,Distributed_Protective_Clothings_Caps,17,Distibuted_Sunscreen_Lotions=1620; Distributed_After_Sun_Lotions=1620; Distributed_Protective_Clothings_Caps=405; Distributed_Protective_Clothings_Long_sleeved_T-Shirts=405
KISII,HOMA BAY,Nyamache Hospital,Distributed_Protective_Clothings_Long_sleeved_T-Shirts,17,Distibuted_Sunscreen_Lotions=1620; Distributed_After_Sun_Lotions=1620; Distributed_Protective_Clothings_Caps=405; Distributed_Protective_Clothings_Long_sleeved_T-Shirts=405
KISII,HOMA BAY,Nyamarambe/Nduru Hospital,Distibuted_Sunscreen_Lotions,89,Distibuted_Sunscreen_Lotions=2160; Distributed_After_Sun_Lotions=2160; Distributed_Protective_Clothings_Caps=540; Distributed_Protective_Clothings_Long_sleeved_T-Shirts=540
KISII,HOMA BAY,Nyamarambe/Nduru Hospital,Distributed_Lip_Care_Products,89,Distibuted_Sunscreen_Lotions=2160; Distributed_After_Sun_Lotions=2160; Distributed_Protective_Clothings_Caps=540; Distributed_Protective_Clothings_Long_sleeved_T-Shirts=540
KISII,HOMA BAY,Nyamarambe/Nduru Hospital,Distributed_After_Sun_Lotions,89,Distibuted_Sunscreen_Lotions=2160; Distributed_After_Sun_Lotions=2160; Distributed_Protective_Clothings_Caps=540; Distributed_Protective_Clothings_Long_sleeved_T-Shirts=540
KISII,HOMA BAY,Nyamarambe/Nduru Hospital,Distributed_Protective_Clothings_Caps,22,Distibuted_Sunscreen_Lotions=2160; Distributed_After_Sun_Lotions=2160; Distributed_Protective_Clothings_Caps=540; Distributed_Protective_Clothings_Long_sleeved_T-Shirts=540
KISII,HOMA BAY,Nyamarambe/Nduru Hospital,Distributed_Protective_Clothings_Long_sleeved_T-Shirts,22,Distibuted_Sunscreen_Lotions=2160; Distributed_After_Sun_Lotions=2160; Distributed_Protective_Clothings_Caps=540; Distributed_Protective_Clothings_Long_sleeved_T-Shirts=540
KISII,HOMA BAY,Kenyenya Hospital,Distibuted_Sunscreen_Lotions,59,Distibuted_Sunscreen_Lotions=1440; Distributed_After_Sun_Lotions=1440; Distributed_Protective_Clothings_Caps=360; Distributed_Protective_Clothings_Long_sleeved_T-Shirts=360
KISII,HOMA BAY,Kenyenya Hospital,Distributed_Lip_Care_Products,59,Distibuted_Sunscreen_Lotions=1440; Distributed_After_Sun_Lotions=1440; Distributed_Protective_Clothings_Caps=360; Distributed_Protective_Clothings_Long_sleeved_T-Shirts=360
KISII,HOMA BAY,Kenyenya Hospital,Distributed_After_Sun_Lotions,59,Distibuted_Sunscreen_Lotions=1440; Distributed_After_Sun_Lotions=1440; Distributed_Protective_Clothings_Caps=360; Distributed_Protective_Clothings_Long_sleeved_T-Shirts=360
KISII,HOMA BAY,Kenyenya Hospital,Distributed_Protective_Clothings_Caps,15,Distibuted_Sunscreen_Lotions=1440; Distributed_After_Sun_Lotions=1440; Distributed_Protective_Clothings_Caps=360; Distributed_Protective_Clothings_Long_sleeved_T-Shirts=360
KISII,HOMA BAY,Kenyenya Hospital,Distributed_Protective_Clothings_Long_sleeved_T-Shirts,15,Distibuted_Sunscreen_Lotions=1440; Distributed_After_Sun_Lotions=1440; Distributed_Protective_Clothings_Caps=360; Distributed_Protective_Clothings_Long_sleeved_T-Shirts=360
KISII,HOMA BAY,Ogembo Hosptal/Gucha,Distibuted_Sunscreen_Lotions,22,Distibuted_Sunscreen_Lotions=540; Distributed_After_Sun_Lotions=540; Distributed_Protective_Clothings_Caps=135; Distributed_Protective_Clothings_Long_sleeved_T-Shirts=135
KISII,HOMA BAY,Ogembo Hosptal/Gucha,Distributed_Lip_Care_Products,22,Distibuted_Sunscreen_Lotions=540; Distributed_After_Sun_Lotions=540; Distributed_Protective_Clothings_Caps=135; Distributed_Protective_Clothings_Long_sleeved_T-Shirts=135
KISII,HOMA BAY,Ogembo Hosptal/Gucha,Distributed_After_Sun_Lotions,22,Distibuted_Sunscreen_Lotions=540; Distributed_After_Sun_Lotions=540; Distributed_Protective_Clothings_Caps=135; Distributed_Protective_Clothings_Long_sleeved_T-Shirts=135
KISII,HOMA BAY,Ogembo Hosptal/Gucha,Distributed_Protective_Clothings_Caps,6,Distibuted_Sunscreen_Lotions=540; Distributed_After_Sun_Lotions=540; Distributed_Protective_Clothings_Caps=135; Distributed_Protective_Clothings_Long_sleeved_T-Shirts=135
KISII,HOMA BAY,Ogembo Hosptal/Gucha,Distributed_Protective_Clothings_Long_sleeved_T-Shirts,6,Distibuted_Sunscreen_Lotions=540; Distributed_After_Sun_Lotions=540; Distributed_Protective_Clothings_Caps=135; Distributed_Protective_Clothings_Long_sleeved_T-Shirts=135
KISII,HOMA BAY,Gesusu  Hospital,Distibuted_Sunscreen_Lotions,37,Distibuted_Sunscreen_Lotions=900; Distributed_After_Sun_Lotions=900; Distributed_Protective_Clothings_Caps=225; Distributed_Protective_Clothings_Long_sleeved_T-Shirts=225
KISII,HOMA BAY,Gesusu  Hospital,Distributed_Lip_Care_Products,37,Distibuted_Sunscreen_Lotions=900; Distributed_After_Sun_Lotions=900; Distributed_Protective_Clothings_Caps=225; Distributed_Protective_Clothings_Long_sleeved_T-Shirts=225
KISII,HOMA BAY,Gesusu  Hospital,Distributed_After_Sun_Lotions,37,Distibuted_Sunscreen_Lotions=900; Distributed_After_Sun_Lotions=900; Distributed_Protective_Clothings_Caps=225; Distributed_Protective_Clothings_Long_sleeved_T-Shirts=225
KISII,HOMA BAY,Gesusu  Hospital,Distributed_Protective_Clothings_Caps,9,Distibuted_Sunscreen_Lotions=900; Distributed_After_Sun_Lotions=900; Distributed_Protective_Clothings_Caps=225; Distributed_Protective_Clothings_Long_sleeved_T-Shirts=225
KISII,HOMA BAY,Gesusu  Hospital,Distributed_Protective_Clothings_Long_sleeved_T-Shirts,9,Distibuted_Sunscreen_Lotions=900; Distributed_After_Sun_Lotions=900; Distributed_Protective_Clothings_Caps=225; Distributed_Protective_Clothings_Long_sleeved_T-Shirts=225
KISII,HOMA BAY,Riyabe  Hospital,Distibuted_Sunscreen_Lotions,44,Distibuted_Sunscreen_Lotions=1080; Distributed_After_Sun_Lotions=1080; Distributed_Protective_Clothings_Caps=270; Distributed_Protective_Clothings_Long_sleeved_T-Shirts=270
KISII,HOMA BAY,Riyabe  Hospital,Distributed_Lip_Care_Products,44,Distibuted_Sunscreen_Lotions=1080; Distributed_After_Sun_Lotions=1080; Distributed_Protective_Clothings_Caps=270; Distributed_Protective_Clothings_Long_sleeved_T-Shirts=270
KISII,HOMA BAY,Riyabe  Hospital,Distributed_After_Sun_Lotions,44,Distibuted_Sunscreen_Lotions=1080; Distributed_After_Sun_Lotions=1080; Distributed_Protective_Clothings_Caps=270; Distributed_Protective_Clothings_Long_sleeved_T-Shirts=270
KISII,HOMA BAY,Riyabe  Hospital,Distributed_Protective_Clothings_Caps,11,Distibuted_Sunscreen_Lotions=1080; Distributed_After_Sun_Lotions=1080; Distributed_Protective_Clothings_Caps=270; Distributed_Protective_Clothings_Long_sleeved_T-Shirts=270
KISII,HOMA BAY,Riyabe  Hospital,Distributed_Protective_Clothings_Long_sleeved_T-Shirts,11,Distibuted_Sunscreen_Lotions=1080; Distributed_After_Sun_Lotions=1080; Distributed_Protective_Clothings_Caps=270; Distributed_Protective_Clothings_Long_sleeved_T-Shirts=270
KISII,HOMA BAY,Marani Hospital,Distibuted_Sunscreen_Lotions,30,Distibuted_Sunscreen_Lotions=720; Distributed_After_Sun_Lotions=720; Distributed_Protective_Clothings_Caps=180; Distributed_Protective_Clothings_Long_sleeved_T-Shirts=180
KISII,HOMA BAY,Marani Hospital,Distributed_Lip_Care_Products,30,Distibuted_Sunscreen_Lotions=720; Distributed_After_Sun_Lotions=720; Distributed_Protective_Clothings_Caps=180; Distributed_Protective_Clothings_Long_sleeved_T-Shirts=180
KISII,HOMA BAY,Marani Hospital,Distributed_After_Sun_Lotions,30,Distibuted_Sunscreen_Lotions=720; Distributed_After_Sun_Lotions=720; Distributed_Protective_Clothings_Caps=180; Distributed_Protective_Clothings_Long_sleeved_T-Shirts=180
KISII,HOMA BAY,Marani Hospital,Distributed_Protective_Clothings_Caps,7,Distibuted_Sunscreen_Lotions=720; Distributed_After_Sun_Lotions=720; Distributed_Protective_Clothings_Caps=180; Distributed_Protective_Clothings_Long_sleeved_T-Shirts=180
KISII,HOMA BAY,Marani Hospital,Distributed_Protective_Clothings_Long_sleeved_T-Shirts,7,Distibuted_Sunscreen_Lotions=720; Distributed_After_Sun_Lotions=720; Distributed_Protective_Clothings_Caps=180; Distributed_Protective_Clothings_Long_sleeved_T-Shirts=180
KISII,HOMA BAY,Kisii Lev 5,Distibuted_Sunscreen_Lotions,104,Distibuted_Sunscreen_Lotions=2520; Distributed_After_Sun_Lotions=2520; Distributed_Protective_Clothings_Caps=630; Distributed_Protective_Clothings_Long_sleeved_T-Shirts=630
KISII,HOMA BAY,Kisii Lev 5,Distributed_Lip_Care_Products,104,Distibuted_Sunscreen_Lotions=2520; Distributed_After_Sun_Lotions=2520; Distributed_Protective_Clothings_Caps=630; Distributed_Protective_Clothings_Long_sleeved_T-Shirts=630
KISII,HOMA BAY,Kisii Lev 5,Distributed_After_Sun_Lotions,104,Distibuted_Sunscreen_Lotions=2520; Distributed_After_Sun_Lotions=2520; Distributed_Protective_Clothings_Caps=630; Distributed_Protective_Clothings_Long_sleeved_T-Shirts=630
KISII,HOMA BAY,Kisii Lev 5,Distributed_Protective_Clothings_Caps,26,Distibuted_Sunscreen_Lotions=2520; Distributed_After_Sun_Lotions=2520; Distributed_Protective_Clothings_Caps=630; Distributed_Protective_Clothings_Long_sleeved_T-Shirts=630
KISII,HOMA BAY,Kisii Lev 5,Distributed_Protective_Clothings_Long_sleeved_T-Shirts,26,Distibuted_Sunscreen_Lotions=2520; Distributed_After_Sun_Lotions=2520; Distributed_Protective_Clothings_Caps=630; Distributed_Protective_Clothings_Long_sleeved_T-Shirts=630
KISII,HOMA BAY,Keumbu  Hospital,Distibuted_Sunscreen_Lotions,22,Distibuted_Sunscreen_Lotions=540; Distributed_After_Sun_Lotions=540; Distributed_Protective_Clothings_Caps=135; Distributed_Protective_Clothings_Long_sleeved_T-Shirts=135
KISII,HOMA BAY,Keumbu  Hospital,Distributed_Lip_Care_Products,22,Distibuted_Sunscreen_Lotions=540; Distributed_After_Sun_Lotions=540; Distributed_Protective_Clothings_Caps=135; Distributed_Protective_Clothings_Long_sleeved_T-Shirts=135
KISII,HOMA BAY,Keumbu  Hospital,Distributed_After_Sun_Lotions,22,Distibuted_Sunscreen_Lotions=540; Distributed_After_Sun_Lotions=540; Distributed_Protective_Clothings_Caps=135; Distributed_Protective_Clothings_Long_sleeved_T-Shirts=135
KISII,HOMA BAY,Keumbu  Hospital,Distributed_Protective_Clothings_Caps,6,Distibuted_Sunscreen_Lotions=540; Distributed_After_Sun_Lotions=540; Distributed_Protective_Clothings_Caps=135; Distributed_Protective_Clothings_Long_sleeved_T-Shirts=135
KISII,HOMA BAY,Keumbu  Hospital,Distributed_Protective_Clothings_Long_sleeved_T-Shirts,6,Distibuted_Sunscreen_Lotions=540; Distributed_After_Sun_Lotions=540; Distributed_Protective_Clothings_Caps=135; Distributed_Protective_Clothings_Long_sleeved_T-Shirts=135
KISII,MANDERA,Nyamache Hospital,Distibuted_Sunscreen_Lotions,54,Distibuted_Sunscreen_Lotions=1620; Distributed_After_Sun_Lotions=1620; Distributed_Protective_Clothings_Caps=405; Distributed_Protective_Clothings_Long_sleeved_T-Shirts=405
KISII,MANDERA,Nyamache Hospital,Distributed_Lip_Care_Products,54,Distibuted_Sunscreen_Lotions=1620; Distributed_After_Sun_Lotions=1620; Distributed_Protective_Clothings_Caps=405; Distributed_Protective_Clothings_Long_sleeved_T-Shirts=405
KISII,MANDERA,Nyamache Hospital,Distributed_After_Sun_Lotions,54,Distibuted_Sunscreen_Lotions=1620; Distributed_After_Sun_Lotions=1620; Distributed_Protective_Clothings_Caps=405; Distributed_Protective_Clothings_Long_sleeved_T-Shirts=405
KISII,MANDERA,Nyamache Hospital,Distributed_Protective_Clothings_Caps,13,Distibuted_Sunscreen_Lotions=1620; Distributed_After_Sun_Lotions=1620; Distributed_Protective_Clothings_Caps=405; Distributed_Protective_Clothings_Long_sleeved_T-Shirts=405
KISII,MANDERA,Nyamache Hospital,Distributed_Protective_Clothings_Long_sleeved_T-Shirts,13,Distibuted_Sunscreen_Lotions=1620; Distributed_After_Sun_Lotions=1620; Distributed_Protective_Clothings_Caps=405; Distributed_Protective_Clothings_Long_sleeved_T-Shirts=405
KISII,MANDERA,Nyamarambe/Nduru Hospital,Distibuted_Sunscreen_Lotions,71,Distibuted_Sunscreen_Lotions=2160; Distributed_After_Sun_Lotions=2160; Distributed_Protective_Clothings_Caps=540; Distributed_Protective_Clothings_Long_sleeved_T-Shirts=540
KISII,MANDERA,Nyamarambe/Nduru Hospital,Distributed_Lip_Care_Products,71,Distibuted_Sunscreen_Lotions=2160; Distributed_After_Sun_Lotions=2160; Distributed_Protective_Clothings_Caps=540; Distributed_Protective_Clothings_Long_sleeved_T-Shirts=540
KISII,MANDERA,Nyamarambe/Nduru Hospital,Distributed_After_Sun_Lotions,71,Distibuted_Sunscreen_Lotions=2160; Distributed_After_Sun_Lotions=2160; Distributed_Protective_Clothings_Caps=540; Distributed_Protective_Clothings_Long_sleeved_T-Shirts=540
KISII,MANDERA,Nyamarambe/Nduru Hospital,Distributed_Protective_Clothings_Caps,18,Distibuted_Sunscreen_Lotions=2160; Distributed_After_Sun_Lotions=2160; Distributed_Protective_Clothings_Caps=540; Distributed_Protective_Clothings_Long_sleeved_T-Shirts=540
KISII,MANDERA,Nyamarambe/Nduru Hospital,Distributed_Protective_Clothings_Long_sleeved_T-Shirts,18,Distibuted_Sunscreen_Lotions=2160; Distributed_After_Sun_Lotions=2160; Distributed_Protective_Clothings_Caps=540; Distributed_Protective_Clothings_Long_sleeved_T-Shirts=540
KISII,MANDERA,Kenyenya Hospital,Distibuted_Sunscreen_Lotions,48,Distibuted_Sunscreen_Lotions=1440; Distributed_After_Sun_Lotions=1440; Distributed_Protective_Clothings_Caps=360; Distributed_Protective_Clothings_Long_sleeved_T-Shirts=360
KISII,MANDERA,Kenyenya Hospital,Distributed_Lip_Care_Products,48,Distibuted_Sunscreen_Lotions=1440; Distributed_After_Sun_Lotions=1440; Distributed_Protective_Clothings_Caps=360; Distributed_Protective_Clothings_Long_sleeved_T-Shirts=360
KISII,MANDERA,Kenyenya Hospital,Distributed_After_Sun_Lotions,48,Distibuted_Sunscreen_Lotions=1440; Distributed_After_Sun_Lotions=1440; Distributed_Protective_Clothings_Caps=360; Distributed_Protective_Clothings_Long_sleeved_T-Shirts=360
KISII,MANDERA,Kenyenya Hospital,Distributed_Protective_Clothings_Caps,12,Distibuted_Sunscreen_Lotions=1440; Distributed_After_Sun_Lotions=1440; Distributed_Protective_Clothings_Caps=360; Distributed_Protective_Clothings_Long_sleeved_T-Shirts=360
KISII,MANDERA,Kenyenya Hospital,Distributed_Protective_Clothings_Long_sleeved_T-Shirts,12,Distibuted_Sunscreen_Lotions=1440; Distributed_After_Sun_Lotions=1440; Distributed_Protective_Clothings_Caps=360; Distributed_Protective_Clothings_Long_sleeved_T-Shirts=360
KISII,MANDERA,Ogembo Hosptal/Gucha,Distibuted_Sunscreen_Lotions,18,Distibuted_Sunscreen_Lotions=540; Distributed_After_Sun_Lotions=540; Distributed_Protective_Clothings_Caps=135; Distributed_Protective_Clothings_Long_sleeved_T-Shirts=135
KISII,MANDERA,Ogembo Hosptal/Gucha,Distributed_Lip_Care_Products,18,Distibuted_Sunscreen_Lotions=540; Distributed_After_Sun_Lotions=540; Distributed_Protective_Clothings_Caps=135; Distributed_Protective_Clothings_Long_sleeved_T-Shirts=135
KISII,MANDERA,Ogembo Hosptal/Gucha,Distributed_After_Sun_Lotions,18,Distibuted_Sunscreen_Lotions=540; Distributed_After_Sun_Lotions=540; Distributed_Protective_Clothings_Caps=135; Distributed_Protective_Clothings_Long_sleeved_T-Shirts=135
KISII,MANDERA,Ogembo Hosptal/Gucha,Distributed_Protective_Clothings_Caps,4,Distibuted_Sunscreen_Lotions=540; Distributed_After_Sun_Lotions=540; Distributed_Protective_Clothings_Caps=135; Distributed_Protective_Clothings_Long_sleeved_T-Shirts=135
KISII,MANDERA,Ogembo Hosptal/Gucha,Distributed_Protective_Clothings_Long_sleeved_T-Shirts,4,Distibuted_Sunscreen_Lotions=540; Distributed_After_Sun_Lotions=540; Distributed_Protective_Clothings_Caps=135; Distributed_Protective_Clothings_Long_sleeved_T-Shirts=135
KISII,MANDERA,Gesusu  Hospital,Distibuted_Sunscreen_Lotions,30,Distibuted_Sunscreen_Lotions=900; Distributed_After_Sun_Lotions=900; Distributed_Protective_Clothings_Caps=225; Distributed_Protective_Clothings_Long_sleeved_T-Shirts=225
KISII,MANDERA,Gesusu  Hospital,Distributed_Lip_Care_Products,30,Distibuted_Sunscreen_Lotions=900; Distributed_After_Sun_Lotions=900; Distributed_Protective_Clothings_Caps=225; Distributed_Protective_Clothings_Long_sleeved_T-Shirts=225
KISII,MANDERA,Gesusu  Hospital,Distributed_After_Sun_Lotions,30,Distibuted_Sunscreen_Lotions=900; Distributed_After_Sun_Lotions=900; Distributed_Protective_Clothings_Caps=225; Distributed_Protective_Clothings_Long_sleeved_T-Shirts=225
KISII,MANDERA,Gesusu  Hospital,Distributed_Protective_Clothings_Caps,7,Distibuted_Sunscreen_Lotions=900; Distributed_After_Sun_Lotions=900; Distributed_Protective_Clothings_Caps=225; Distributed_Protective_Clothings_Long_sleeved_T-Shirts=225
KISII,MANDERA,Gesusu  Hospital,Distributed_Protective_Clothings_Long_sleeved_T-Shirts,7,Distibuted_Sunscreen_Lotions=900; Distributed_After_Sun_Lotions=900; Distributed_Protective_Clothings_Caps=225; Distributed_Protective_Clothings_Long_sleeved_T-Shirts=225
KISII,MANDERA,Riyabe  Hospital,Distibuted_Sunscreen_Lotions,36,Distibuted_Sunscreen_Lotions=1080; Distributed_After_Sun_Lotions=1080; Distributed_Protective_Clothings_Caps=270; Distributed_Protective_Clothings_Long_sleeved_T-Shirts=270
KISII,MANDERA,Riyabe  Hospital,Distributed_Lip_Care_Products,36,Distibuted_Sunscreen_Lotions=1080; Distributed_After_Sun_Lotions=1080; Distributed_Protective_Clothings_Caps=270; Distributed_Protective_Clothings_Long_sleeved_T-Shirts=270
KISII,MANDERA,Riyabe  Hospital,Distributed_After_Sun_Lotions,36,Distibuted_Sunscreen_Lotions=1080; Distributed_After_Sun_Lotions=1080; Distributed_Protective_Clothings_Caps=270; Distributed_Protective_Clothings_Long_sleeved_T-Shirts=270
KISII,MANDERA,Riyabe  Hospital,Distributed_Protective_Clothings_Caps,9,Distibuted_Sunscreen_Lotions=1080; Distributed_After_Sun_Lotions=1080; Distributed_Protective_Clothings_Caps=270; Distributed_Protective_Clothings_Long_sleeved_T-Shirts=270
KISII,MANDERA,Riyabe  Hospital,Distributed_Protective_Clothings_Long_sleeved_T-Shirts,9,Distibuted_Sunscreen_Lotions=1080; Distributed_After_Sun_Lotions=1080; Distributed_Protective_Clothings_Caps=270; Distributed_Protective_Clothings_Long_sleeved_T-Shirts=270
KISII,MANDERA,Marani Hospital,Distibuted_Sunscreen_Lotions,24,Distibuted_Sunscreen_Lotions=720; Distributed_After_Sun_Lotions=720; Distributed_Protective_Clothings_Caps=180; Distributed_Protective_Clothings_Long_sleeved_T-Shirts=180
KISII,MANDERA,Marani Hospital,Distributed_Lip_Care_Products,24,Distibuted_Sunscreen_Lotions=720; Distributed_After_Sun_Lotions=720; Distributed_Protective_Clothings_Caps=180; Distributed_Protective_Clothings_Long_sleeved_T-Shirts=180
KISII,MANDERA,Marani Hospital,Distributed_After_Sun_Lotions,24,Distibuted_Sunscreen_Lotions=720; Distributed_After_Sun_Lotions=720; Distributed_Protective_Clothings_Caps=180; Distributed_Protective_Clothings_Long_sleeved_T-Shirts=180
KISII,MANDERA,Marani Hospital,Distributed_Protective_Clothings_Caps,6,Distibuted_Sunscreen_Lotions=720; Distributed_After_Sun_Lotions=720; Distributed_Protective_Clothings_Caps=180; Distributed_Protective_Clothings_Long_sleeved_T-Shirts=180
KISII,MANDERA,Marani Hospital,Distributed_Protective_Clothings_Long_sleeved_T-Shirts,6,Distibuted_Sunscreen_Lotions=720; Distributed_After_Sun_Lotions=720; Distributed_Protective_Clothings_Caps=180; Distributed_Protective_Clothings_Long_sleeved_T-Shirts=180
KISII,MANDERA,Kisii Lev 5,Distibuted_Sunscreen_Lotions,83,Distibuted_Sunscreen_Lotions=2520; Distributed_After_Sun_Lotions=2520; Distributed_Protective_Clothings_Caps=630; Distributed_Protective_Clothings_Long_sleeved_T-Shirts=630
KISII,MANDERA,Kisii Lev 5,Distributed_Lip_Care_Products,83,Distibuted_Sunscreen_Lotions=2520; Distributed_After_Sun_Lotions=2520; Distributed_Protective_Clothings_Caps=630; Distributed_Protective_Clothings_Long_sleeved_T-Shirts=630
KISII,MANDERA,Kisii Lev 5,Distributed_After_Sun_Lotions,83,Distibuted_Sunscreen_Lotions=2520; Distributed_After_Sun_Lotions=2520; Distributed_Protective_Clothings_Caps=630; Distributed_Protective_Clothings_Long_sleeved_T-Shirts=630
KISII,MANDERA,Kisii Lev 5,Distributed_Protective_Clothings_Caps,21,Distibuted_Sunscreen_Lotions=2520; Distributed_After_Sun_Lotions=2520; Distributed_Protective_Clothings_Caps=630; Distributed_Protective_Clothings_Long_sleeved_T-Shirts=630
KISII,MANDERA,Kisii Lev 5,Distributed_Protective_Clothings_Long_sleeved_T-Shirts,21,Distibuted_Sunscreen_Lotions=2520; Distributed_After_Sun_Lotions=2520; Distributed_Protective_Clothings_Caps=630; Distributed_Protective_Clothings_Long_sleeved_T-Shirts=630
KISII,MANDERA,Keumbu  Hospital,Distibuted_Sunscreen_Lotions,18,Distibuted_Sunscreen_Lotions=540; Distributed_After_Sun_Lotions=540; Distributed_Protective_Clothings_Caps=135; Distributed_Protective_Clothings_Long_sleeved_T-Shirts=135
KISII,MANDERA,Keumbu  Hospital,Distributed_Lip_Care_Products,18,Distibuted_Sunscreen_Lotions=540; Distributed_After_Sun_Lotions=540; Distributed_Protective_Clothings_Caps=135; Distributed_Protective_Clothings_Long_sleeved_T-Shirts=135
KISII,MANDERA,Keumbu  Hospital,Distributed_After_Sun_Lotions,18,Distibuted_Sunscreen_Lotions=540; Distributed_After_Sun_Lotions=540; Distributed_Protective_Clothings_Caps=135; Distributed_Protective_Clothings_Long_sleeved_T-Shirts=135
KISII,MANDERA,Keumbu  Hospital,Distributed_Protective_Clothings_Caps,4,Distibuted_Sunscreen_Lotions=540; Distributed_After_Sun_Lotions=540; Distributed_Protective_Clothings_Caps=135; Distributed_Protective_Clothings_Long_sleeved_T-Shirts=135
KISII,MANDERA,Keumbu  Hospital,Distributed_Protective_Clothings_Long_sleeved_T-Shirts,4,Distibuted_Sunscreen_Lotions=540; Distributed_After_Sun_Lotions=540; Distributed_Protective_Clothings_Caps=135; Distributed_Protective_Clothings_Long_sleeved_T-Shirts=135
KISII,MANDERA,Kisii Lev 5,Distibuted_Sunscreen_Lotions,1,Distibuted_Sunscreen_Lotions=2520; Distributed_After_Sun_Lotions=2520; Distributed_Protective_Clothings_Caps=630; Distributed_Protective_Clothings_Long_sleeved_T-Shirts=630
KISII,BARINGO,Nyamache Hospital,Distibuted_Sunscreen_Lotions,46,Distibuted_Sunscreen_Lotions=1620; Distributed_After_Sun_Lotions=1620; Distributed_Protective_Clothings_Caps=405; Distributed_Protective_Clothings_Long_sleeved_T-Shirts=405
KISII,BARINGO,Nyamache Hospital,Distributed_Lip_Care_Products,46,Distibuted_Sunscreen_Lotions=1620; Distributed_After_Sun_Lotions=1620; Distributed_Protective_Clothings_Caps=405; Distributed_Protective_Clothings_Long_sleeved_T-Shirts=405
KISII,BARINGO,Nyamache Hospital,Distributed_After_Sun_Lotions,46,Distibuted_Sunscreen_Lotions=1620; Distributed_After_Sun_Lotions=1620; Distributed_Protective_Clothings_Caps=405; Distributed_Protective_Clothings_Long_sleeved_T-Shirts=405
KISII,BARINGO,Nyamache Hospital,Distributed_Protective_Clothings_Caps,11,Distibuted_Sunscreen_Lotions=1620; Distributed_After_Sun_Lotions=1620; Distributed_Protective_Clothings_Caps=405; Distributed_Protective_Clothings_Long_sleeved_T-Shirts=405
KISII,BARINGO,Nyamache Hospital,Distributed_Protective_Clothings_Long_sleeved_T-Shirts,11,Distibuted_Sunscreen_Lotions=1620; Distributed_After_Sun_Lotions=1620; Distributed_Protective_Clothings_Caps=405; Distributed_Protective_Clothings_Long_sleeved_T-Shirts=405
KISII,BARINGO,Nyamarambe/Nduru Hospital,Distibuted_Sunscreen_Lotions,61,Distibuted_Sunscreen_Lotions=2160; Distributed_After_Sun_Lotions=2160; Distributed_Protective_Clothings_Caps=540; Distributed_Protective_Clothings_Long_sleeved_T-Shirts=540
KISII,BARINGO,Nyamarambe/Nduru Hospital,Distributed_Lip_Care_Products,61,Distibuted_Sunscreen_Lotions=2160; Distributed_After_Sun_Lotions=2160; Distributed_Protective_Clothings_Caps=540; Distributed_Protective_Clothings_Long_sleeved_T-Shirts=540
KISII,BARINGO,Nyamarambe/Nduru Hospital,Distributed_After_Sun_Lotions,61,Distibuted_Sunscreen_Lotions=2160; Distributed_After_Sun_Lotions=2160; Distributed_Protective_Clothings_Caps=540; Distributed_Protective_Clothings_Long_sleeved_T-Shirts=540
KISII,BARINGO,Nyamarambe/Nduru Hospital,Distributed_Protective_Clothings_Caps,15,Distibuted_Sunscreen_Lotions=2160; Distributed_After_Sun_Lotions=2160; Distributed_Protective_Clothings_Caps=540; Distributed_Protective_Clothings_Long_sleeved_T-Shirts=540
KISII,BARINGO,Nyamarambe/Nduru Hospital,Distributed_Protective_Clothings_Long_sleeved_T-Shirts,15,Distibuted_Sunscreen_Lotions=2160; Distributed_After_Sun_Lotions=2160; Distributed_Protective_Clothings_Caps=540; Distributed_Protective_Clothings_Long_sleeved_T-Shirts=540
KISII,BARINGO,Kenyenya Hospital,Distibuted_Sunscreen_Lotions,41,Distibuted_Sunscreen_Lotions=1440; Distributed_After_Sun_Lotions=1440; Distributed_Protective_Clothings_Caps=360; Distributed_Protective_Clothings_Long_sleeved_T-Shirts=360
KISII,BARINGO,Kenyenya Hospital,Distributed_Lip_Care_Products,41,Distibuted_Sunscreen_Lotions=1440; Distributed_After_Sun_Lotions=1440; Distributed_Protective_Clothings_Caps=360; Distributed_Protective_Clothings_Long_sleeved_T-Shirts=360
KISII,BARINGO,Kenyenya Hospital,Distributed_After_Sun_Lotions,41,Distibuted_Sunscreen_Lotions=1440; Distributed_After_Sun_Lotions=1440; Distributed_Protective_Clothings_Caps=360; Distributed_Protective_Clothings_Long_sleeved_T-Shirts=360
KISII,BARINGO,Kenyenya Hospital,Distributed_Protective_Clothings_Caps,10,Distibuted_Sunscreen_Lotions=1440; Distributed_After_Sun_Lotions=1440; Distributed_Protective_Clothings_Caps=360; Distributed_Protective_Clothings_Long_sleeved_T-Shirts=360
KISII,BARINGO,Kenyenya Hospital,Distributed_Protective_Clothings_Long_sleeved_T-Shirts,10,Distibuted_Sunscreen_Lotions=1440; Distributed_After_Sun_Lotions=1440; Distributed_Protective_Clothings_Caps=360; Distributed_Protective_Clothings_Long_sleeved_T-Shirts=360
KISII,BARINGO,Ogembo Hosptal/Gucha,Distibuted_Sunscreen_Lotions,15,Distibuted_Sunscreen_Lotions=540; Distributed_After_Sun_Lotions=540; Distributed_Protective_Clothings_Caps=135; Distributed_Protective_Clothings_Long_sleeved_T-Shirts=135
KISII,BARINGO,Ogembo Hosptal/Gucha,Distributed_Lip_Care_Products,15,Distibuted_Sunscreen_Lotions=540; Distributed_After_Sun_Lotions=540; Distributed_Protective_Clothings_Caps=135; Distributed_Protective_Clothings_Long_sleeved_T-Shirts=135
KISII,BARINGO,Ogembo Hosptal/Gucha,Distributed_After_Sun_Lotions,15,Distibuted_Sunscreen_Lotions=540; Distributed_After_Sun_Lotions=540; Distributed_Protective_Clothings_Caps=135; Distributed_Protective_Clothings_Long_sleeved_T-Shirts=135
KISII,BARINGO,Ogembo Hosptal/Gucha,Distributed_Protective_Clothings_Caps,4,Distibuted_Sunscreen_Lotions=540; Distributed_After_Sun_Lotions=540; Distributed_Protective_Clothings_Caps=135; Distributed_Protective_Clothings_Long_sleeved_T-Shirts=135
KISII,BARINGO,Ogembo Hosptal/Gucha,Distributed_Protective_Clothings_Long_sleeved_T-Shirts,4,Distibuted_Sunscreen_Lotions=540; Distributed_After_Sun_Lotions=540; Distributed_Protective_Clothings_Caps=135; Distributed_Protective_Clothings_Long_sleeved_T-Shirts=135
KISII,BARINGO,Gesusu  Hospital,Distibuted_Sunscreen_Lotions,25,Distibuted_Sunscreen_Lotions=900; Distributed_After_Sun_Lotions=900; Distributed_Protective_Clothings_Caps=225; Distributed_Protective_Clothings_Long_sleeved_T-Shirts=225
KISII,BARINGO,Gesusu  Hospital,Distributed_Lip_Care_Products,25,Distibuted_Sunscreen_Lotions=900; Distributed_After_Sun_Lotions=900; Distributed_Protective_Clothings_Caps=225; Distributed_Protective_Clothings_Long_sleeved_T-Shirts=225
KISII,BARINGO,Gesusu  Hospital,Distributed_After_Sun_Lotions,25,Distibuted_Sunscreen_Lotions=900; Distributed_After_Sun_Lotions=900; Distributed_Protective_Clothings_Caps=225; Distributed_Protective_Clothings_Long_sleeved_T-Shirts=225
KISII,BARINGO,Gesusu  Hospital,Distributed_Protective_Clothings_Caps,6,Distibuted_Sunscreen_Lotions=900; Distributed_After_Sun_Lotions=900; Distributed_Protective_Clothings_Caps=225; Distributed_Protective_Clothings_Long_sleeved_T-Shirts=225
KISII,BARINGO,Gesusu  Hospital,Distributed_Protective_Clothings_Long_sleeved_T-Shirts,6,Distibuted_Sunscreen_Lotions=900; Distributed_After_Sun_Lotions=900; Distributed_Protective_Clothings_Caps=225; Distributed_Protective_Clothings_Long_sleeved_T-Shirts=225
KISII,BARINGO,Riyabe  Hospital,Distibuted_Sunscreen_Lotions,31,Distibuted_Sunscreen_Lotions=1080; Distributed_After_Sun_Lotions=1080; Distributed_Protective_Clothings_Caps=270; Distributed_Protective_Clothings_Long_sleeved_T-Shirts=270
KISII,BARINGO,Riyabe  Hospital,Distributed_Lip_Care_Products,31,Distibuted_Sunscreen_Lotions=1080; Distributed_After_Sun_Lotions=1080; Distributed_Protective_Clothings_Caps=270; Distributed_Protective_Clothings_Long_sleeved_T-Shirts=270
KISII,BARINGO,Riyabe  Hospital,Distributed_After_Sun_Lotions,31,Distibuted_Sunscreen_Lotions=1080; Distributed_After_Sun_Lotions=1080; Distributed_Protective_Clothings_Caps=270; Distributed_Protective_Clothings_Long_sleeved_T-Shirts=270
KISII,BARINGO,Riyabe  Hospital,Distributed_Protective_Clothings_Caps,8,Distibuted_Sunscreen_Lotions=1080; Distributed_After_Sun_Lotions=1080; Distributed_Protective_Clothings_Caps=270; Distributed_Protective_Clothings_Long_sleeved_T-Shirts=270
KISII,BARINGO,Riyabe  Hospital,Distributed_Protective_Clothings_Long_sleeved_T-Shirts,8,Distibuted_Sunscreen_Lotions=1080; Distributed_After_Sun_Lotions=1080; Distributed_Protective_Clothings_Caps=270; Distributed_Protective_Clothings_Long_sleeved_T-Shirts=270
KISII,BARINGO,Marani Hospital,Distibuted_Sunscreen_Lotions,20,Distibuted_Sunscreen_Lotions=720; Distributed_After_Sun_Lotions=720; Distributed_Protective_Clothings_Caps=180; Distributed_Protective_Clothings_Long_sleeved_T-Shirts=180
KISII,BARINGO,Marani Hospital,Distributed_Lip_Care_Products,20,Distibuted_Sunscreen_Lotions=720; Distributed_After_Sun_Lotions=720; Distributed_Protective_Clothings_Caps=180; Distributed_Protective_Clothings_Long_sleeved_T-Shirts=180
KISII,BARINGO,Marani Hospital,Distributed_After_Sun_Lotions,20,Distibuted_Sunscreen_Lotions=720; Distributed_After_Sun_Lotions=720; Distributed_Protective_Clothings_Caps=180; Distributed_Protective_Clothings_Long_sleeved_T-Shirts=180
KISII,BARINGO,Marani Hospital,Distributed_Protective_Clothings_Caps,5,Distibuted_Sunscreen_Lotions=720; Distributed_After_Sun_Lotions=720; Distributed_Protective_Clothings_Caps=180; Distributed_Protective_Clothings_Long_sleeved_T-Shirts=180
KISII,BARINGO,Marani Hospital,Distributed_Protective_Clothings_Long_sleeved_T-Shirts,5,Distibuted_Sunscreen_Lotions=720; Distributed_After_Sun_Lotions=720; Distributed_Protective_Clothings_Caps=180; Distributed_Protective_Clothings_Long_sleeved_T-Shirts=180
KISII,BARINGO,Kisii Lev 5,Distibuted_Sunscreen_Lotions,71,Distibuted_Sunscreen_Lotions=2520; Distributed_After_Sun_Lotions=2520; Distributed_Protective_Clothings_Caps=630; Distributed_Protective_Clothings_Long_sleeved_T-Shirts=630
KISII,BARINGO,Kisii Lev 5,Distributed_Lip_Care_Products,71,Distibuted_Sunscreen_Lotions=2520; Distributed_After_Sun_Lotions=2520; Distributed_Protective_Clothings_Caps=630; Distributed_Protective_Clothings_Long_sleeved_T-Shirts=630
KISII,BARINGO,Kisii Lev 5,Distributed_After_Sun_Lotions,71,Distibuted_Sunscreen_Lotions=2520; Distributed_After_Sun_Lotions=2520; Distributed_Protective_Clothings_Caps=630; Distributed_Protective_Clothings_Long_sleeved_T-Shirts=630
KISII,BARINGO,Kisii Lev 5,Distributed_Protective_Clothings_Caps,18,Distibuted_Sunscreen_Lotions=2520; Distributed_After_Sun_Lotions=2520; Distributed_Protective_Clothings_Caps=630; Distributed_Protective_Clothings_Long_sleeved_T-Shirts=630
KISII,BARINGO,Kisii Lev 5,Distributed_Protective_Clothings_Long_sleeved_T-Shirts,18,Distibuted_Sunscreen_Lotions=2520; Distributed_After_Sun_Lotions=2520; Distributed_Protective_Clothings_Caps=630; Distributed_Protective_Clothings_Long_sleeved_T-Shirts=630
KISII,BARINGO,Keumbu  Hospital,Distibuted_Sunscreen_Lotions,15,Distibuted_Sunscreen_Lotions=540; Distributed_After_Sun_Lotions=540; Distributed_Protective_Clothings_Caps=135; Distributed_Protective_Clothings_Long_sleeved_T-Shirts=135
KISII,BARINGO,Keumbu  Hospital,Distributed_Lip_Care_Products,15,Distibuted_Sunscreen_Lotions=540; Distributed_After_Sun_Lotions=540; Distributed_Protective_Clothings_Caps=135; Distributed_Protective_Clothings_Long_sleeved_T-Shirts=135
KISII,BARINGO,Keumbu  Hospital,Distributed_After_Sun_Lotions,15,Distibuted_Sunscreen_Lotions=540; Distributed_After_Sun_Lotions=540; Distributed_Protective_Clothings_Caps=135; Distributed_Protective_Clothings_Long_sleeved_T-Shirts=135
KISII,BARINGO,Keumbu  Hospital,Distributed_Protective_Clothings_Caps,4,Distibuted_Sunscreen_Lotions=540; Distributed_After_Sun_Lotions=540; Distributed_Protective_Clothings_Caps=135; Distributed_Protective_Clothings_Long_sleeved_T-Shirts=135
KISII,BARINGO,Keumbu  Hospital,Distributed_Protective_Clothings_Long_sleeved_T-Shirts,4,Distibuted_Sunscreen_Lotions=540; Distributed_After_Sun_Lotions=540; Distributed_Protective_Clothings_Caps=135; Distributed_Protective_Clothings_Long_sleeved_T-Shirts=135
KISII,BARINGO,Kisii Lev 5,Distibuted_Sunscreen_Lotions,2,Distibuted_Sunscreen_Lotions=2520; Distributed_After_Sun_Lotions=2520; Distributed_Protective_Clothings_Caps=630; Distributed_Protective_Clothings_Long_sleeved_T-Shirts=630
KISII,SAMBURU,Nyamache Hospital,Distibuted_Sunscreen_Lotions,21,Distibuted_Sunscreen_Lotions=1620; Distributed_After_Sun_Lotions=1620; Distributed_Protective_Clothings_Caps=405; Distributed_Protective_Clothings_Long_sleeved_T-Shirts=405
KISII,SAMBURU,Nyamache Hospital,Distributed_Lip_Care_Products,21,Distibuted_Sunscreen_Lotions=1620; Distributed_After_Sun_Lotions=1620; Distributed_Protective_Clothings_Caps=405; Distributed_Protective_Clothings_Long_sleeved_T-Shirts=405
KISII,SAMBURU,Nyamache Hospital,Distributed_After_Sun_Lotions,21,Distibuted_Sunscreen_Lotions=1620; Distributed_After_Sun_Lotions=1620; Distributed_Protective_Clothings_Caps=405; Distributed_Protective_Clothings_Long_sleeved_T-Shirts=405
KISII,SAMBURU,Nyamache Hospital,Distributed_Protective_Clothings_Caps,5,Distibuted_Sunscreen_Lotions=1620; Distributed_After_Sun_Lotions=1620; Distributed_Protective_Clothings_Caps=405; Distributed_Protective_Clothings_Long_sleeved_T-Shirts=405
KISII,SAMBURU,Nyamache Hospital,Distributed_Protective_Clothings_Long_sleeved_T-Shirts,5,Distibuted_Sunscreen_Lotions=1620; Distributed_After_Sun_Lotions=1620; Distributed_Protective_Clothings_Caps=405; Distributed_Protective_Clothings_Long_sleeved_T-Shirts=405
KISII,SAMBURU,Nyamarambe/Nduru Hospital,Distibuted_Sunscreen_Lotions,28,Distibuted_Sunscreen_Lotions=2160; Distributed_After_Sun_Lotions=2160; Distributed_Protective_Clothings_Caps=540; Distributed_Protective_Clothings_Long_sleeved_T-Shirts=540
KISII,SAMBURU,Nyamarambe/Nduru Hospital,Distributed_Lip_Care_Products,28,Distibuted_Sunscreen_Lotions=2160; Distributed_After_Sun_Lotions=2160; Distributed_Protective_Clothings_Caps=540; Distributed_Protective_Clothings_Long_sleeved_T-Shirts=540
KISII,SAMBURU,Nyamarambe/Nduru Hospital,Distributed_After_Sun_Lotions,28,Distibuted_Sunscreen_Lotions=2160; Distributed_After_Sun_Lotions=2160; Distributed_Protective_Clothings_Caps=540; Distributed_Protective_Clothings_Long_sleeved_T-Shirts=540
KISII,SAMBURU,Nyamarambe/Nduru Hospital,Distributed_Protective_Clothings_Caps,7,Distibuted_Sunscreen_Lotions=2160; Distributed_After_Sun_Lotions=2160; Distributed_Protective_Clothings_Caps=540; Distributed_Protective_Clothings_Long_sleeved_T-Shirts=540
KISII,SAMBURU,Nyamarambe/Nduru Hospital,Distributed_Protective_Clothings_Long_sleeved_T-Shirts,7,Distibuted_Sunscreen_Lotions=2160; Distributed_After_Sun_Lotions=2160; Distributed_Protective_Clothings_Caps=540; Distributed_Protective_Clothings_Long_sleeved_T-Shirts=540
KISII,SAMBURU,Kenyenya Hospital,Distibuted_Sunscreen_Lotions,19,Distibuted_Sunscreen_Lotions=1440; Distributed_After_Sun_Lotions=1440; Distributed_Protective_Clothings_Caps=360; Distributed_Protective_Clothings_Long_sleeved_T-Shirts=360
KISII,SAMBURU,Kenyenya Hospital,Distributed_Lip_Care_Products,19,Distibuted_Sunscreen_Lotions=1440; Distributed_After_Sun_Lotions=1440; Distributed_Protective_Clothings_Caps=360; Distributed_Protective_Clothings_Long_sleeved_T-Shirts=360
KISII,SAMBURU,Kenyenya Hospital,Distributed_After_Sun_Lotions,19,Distibuted_Sunscreen_Lotions=1440; Distributed_After_Sun_Lotions=1440; Distributed_Protective_Clothings_Caps=360; Distributed_Protective_Clothings_Long_sleeved_T-Shirts=360
KISII,SAMBURU,Kenyenya Hospital,Distributed_Protective_Clothings_Caps,5,Distibuted_Sunscreen_Lotions=1440; Distributed_After_Sun_Lotions=1440; Distributed_Protective_Clothings_Caps=360; Distributed_Protective_Clothings_Long_sleeved_T-Shirts=360
KISII,SAMBURU,Kenyenya Hospital,Distributed_Protective_Clothings_Long_sleeved_T-Shirts,5,Distibuted_Sunscreen_Lotions=1440; Distributed_After_Sun_Lotions=1440; Distributed_Protective_Clothings_Caps=360; Distributed_Protective_Clothings_Long_sleeved_T-Shirts=360
KISII,SAMBURU,Ogembo Hosptal/Gucha,Distibuted_Sunscreen_Lotions,7,Distibuted_Sunscreen_Lotions=540; Distributed_After_Sun_Lotions=540; Distributed_Protective_Clothings_Caps=135; Distributed_Protective_Clothings_Long_sleeved_T-Shirts=135
KISII,SAMBURU,Ogembo Hosptal/Gucha,Distributed_Lip_Care_Products,7,Distibuted_Sunscreen_Lotions=540; Distributed_After_Sun_Lotions=540; Distributed_Protective_Clothings_Caps=135; Distributed_Protective_Clothings_Long_sleeved_T-Shirts=135
KISII,SAMBURU,Ogembo Hosptal/Gucha,Distributed_After_Sun_Lotions,7,Distibuted_Sunscreen_Lotions=540; Distributed_After_Sun_Lotions=540; Distributed_Protective_Clothings_Caps=135; Distributed_Protective_Clothings_Long_sleeved_T-Shirts=135
KISII,SAMBURU,Ogembo Hosptal/Gucha,Distributed_Protective_Clothings_Caps,2,Distibuted_Sunscreen_Lotions=540; Distributed_After_Sun_Lotions=540; Distributed_Protective_Clothings_Caps=135; Distributed_Protective_Clothings_Long_sleeved_T-Shirts=135
KISII,SAMBURU,Ogembo Hosptal/Gucha,Distributed_Protective_Clothings_Long_sleeved_T-Shirts,2,Distibuted_Sunscreen_Lotions=540; Distributed_After_Sun_Lotions=540; Distributed_Protective_Clothings_Caps=135; Distributed_Protective_Clothings_Long_sleeved_T-Shirts=135
KISII,SAMBURU,Gesusu  Hospital,Distibuted_Sunscreen_Lotions,12,Distibuted_Sunscreen_Lotions=900; Distributed_After_Sun_Lotions=900; Distributed_Protective_Clothings_Caps=225; Distributed_Protective_Clothings_Long_sleeved_T-Shirts=225
KISII,SAMBURU,Gesusu  Hospital,Distributed_Lip_Care_Products,12,Distibuted_Sunscreen_Lotions=900; Distributed_After_Sun_Lotions=900; Distributed_Protective_Clothings_Caps=225; Distributed_Protective_Clothings_Long_sleeved_T-Shirts=225
KISII,SAMBURU,Gesusu  Hospital,Distributed_After_Sun_Lotions,12,Distibuted_Sunscreen_Lotions=900; Distributed_After_Sun_Lotions=900; Distributed_Protective_Clothings_Caps=225; Distributed_Protective_Clothings_Long_sleeved_T-Shirts=225
KISII,SAMBURU,Gesusu  Hospital,Distributed_Protective_Clothings_Caps,3,Distibuted_Sunscreen_Lotions=900; Distributed_After_Sun_Lotions=900; Distributed_Protective_Clothings_Caps=225; Distributed_Protective_Clothings_Long_sleeved_T-Shirts=225
KISII,SAMBURU,Gesusu  Hospital,Distributed_Protective_Clothings_Long_sleeved_T-Shirts,3,Distibuted_Sunscreen_Lotions=900; Distributed_After_Sun_Lotions=900; Distributed_Protective_Clothings_Caps=225; Distributed_Protective_Clothings_Long_sleeved_T-Shirts=225
KISII,SAMBURU,Riyabe  Hospital,Distibuted_Sunscreen_Lotions,14,Distibuted_Sunscreen_Lotions=1080; Distributed_After_Sun_Lotions=1080; Distributed_Protective_Clothings_Caps=270; Distributed_Protective_Clothings_Long_sleeved_T-Shirts=270
KISII,SAMBURU,Riyabe  Hospital,Distributed_Lip_Care_Products,14,Distibuted_Sunscreen_Lotions=1080; Distributed_After_Sun_Lotions=1080; Distributed_Protective_Clothings_Caps=270; Distributed_Protective_Clothings_Long_sleeved_T-Shirts=270
KISII,SAMBURU,Riyabe  Hospital,Distributed_After_Sun_Lotions,14,Distibuted_Sunscreen_Lotions=1080; Distributed_After_Sun_Lotions=1080; Distributed_Protective_Clothings_Caps=270; Distributed_Protective_Clothings_Long_sleeved_T-Shirts=270
KISII,SAMBURU,Riyabe  Hospital,Distributed_Protective_Clothings_Caps,4,Distibuted_Sunscreen_Lotions=1080; Distributed_After_Sun_Lotions=1080; Distributed_Protective_Clothings_Caps=270; Distributed_Protective_Clothings_Long_sleeved_T-Shirts=270
KISII,SAMBURU,Riyabe  Hospital,Distributed_Protective_Clothings_Long_sleeved_T-Shirts,4,Distibuted_Sunscreen_Lotions=1080; Distributed_After_Sun_Lotions=1080; Distributed_Protective_Clothings_Caps=270; Distributed_Protective_Clothings_Long_sleeved_T-Shirts=270
KISII,SAMBURU,Marani Hospital,Distibuted_Sunscreen_Lotions,9,Distibuted_Sunscreen_Lotions=720; Distributed_After_Sun_Lotions=720; Distributed_Protective_Clothings_Caps=180; Distributed_Protective_Clothings_Long_sleeved_T-Shirts=180
KISII,SAMBURU,Marani Hospital,Distributed_Lip_Care_Products,9,Distibuted_Sunscreen_Lotions=720; Distributed_After_Sun_Lotions=720; Distributed_Protective_Clothings_Caps=180; Distributed_Protective_Clothings_Long_sleeved_T-Shirts=180
KISII,SAMBURU,Marani Hospital,Distributed_After_Sun_Lotions,9,Distibuted_Sunscreen_Lotions=720; Distributed_After_Sun_Lotions=720; Distributed_Protective_Clothings_Caps=180; Distributed_Protective_Clothings_Long_sleeved_T-Shirts=180
KISII,SAMBURU,Marani Hospital,Distributed_Protective_Clothings_Caps,2,Distibuted_Sunscreen_Lotions=720; Distributed_After_Sun_Lotions=720; Distributed_Protective_Clothings_Caps=180; Distributed_Protective_Clothings_Long_sleeved_T-Shirts=180
KISII,SAMBURU,Marani Hospital,Distributed_Protective_Clothings_Long_sleeved_T-Shirts,2,Distibuted_Sunscreen_Lotions=720; Distributed_After_Sun_Lotions=720; Distributed_Protective_Clothings_Caps=180; Distributed_Protective_Clothings_Long_sleeved_T-Shirts=180
KISII,SAMBURU,Kisii Lev 5,Distibuted_Sunscreen_Lotions,33,Distibuted_Sunscreen_Lotions=2520; Distributed_After_Sun_Lotions=2520; Distributed_Protective_Clothings_Caps=630; Distributed_Protective_Clothings_Long_sleeved_T-Shirts=630
KISII,SAMBURU,Kisii Lev 5,Distributed_Lip_Care_Products,33,Distibuted_Sunscreen_Lotions=2520; Distributed_After_Sun_Lotions=2520; Distributed_Protective_Clothings_Caps=630; Distributed_Protective_Clothings_Long_sleeved_T-Shirts=630
KISII,SAMBURU,Kisii Lev 5,Distributed_After_Sun_Lotions,33,Distibuted_Sunscreen_Lotions=2520; Distributed_After_Sun_Lotions=2520; Distributed_Protective_Clothings_Caps=630; Distributed_Protective_Clothings_Long_sleeved_T-Shirts=630
KISII,SAMBURU,Kisii Lev 5,Distributed_Protective_Clothings_Caps,8,Distibuted_Sunscreen_Lotions=2520; Distributed_After_Sun_Lotions=2520; Distributed_Protective_Clothings_Caps=630; Distributed_Protective_Clothings_Long_sleeved_T-Shirts=630
KISII,SAMBURU,Kisii Lev 5,Distributed_Protective_Clothings_Long_sleeved_T-Shirts,8,Distibuted_Sunscreen_Lotions=2520; Distributed_After_Sun_Lotions=2520; Distributed_Protective_Clothings_Caps=630; Distributed_Protective_Clothings_Long_sleeved_T-Shirts=630
KISII,SAMBURU,Keumbu  Hospital,Distibuted_Sunscreen_Lotions,7,Distibuted_Sunscreen_Lotions=540; Distributed_After_Sun_Lotions=540; Distributed_Protective_Clothings_Caps=135; Distributed_Protective_Clothings_Long_sleeved_T-Shirts=135
KISII,SAMBURU,Keumbu  Hospital,Distributed_Lip_Care_Products,7,Distibuted_Sunscreen_Lotions=540; Distributed_After_Sun_Lotions=540; Distributed_Protective_Clothings_Caps=135; Distributed_Protective_Clothings_Long_sleeved_T-Shirts=135
KISII,SAMBURU,Keumbu  Hospital,Distributed_After_Sun_Lotions,7,Distibuted_Sunscreen_Lotions=540; Distributed_After_Sun_Lotions=540; Distributed_Protective_Clothings_Caps=135; Distributed_Protective_Clothings_Long_sleeved_T-Shirts=135
KISII,SAMBURU,Keumbu  Hospital,Distributed_Protective_Clothings_Caps,2,Distibuted_Sunscreen_Lotions=540; Distributed_After_Sun_Lotions=540; Distributed_Protective_Clothings_Caps=135; Distributed_Protective_Clothings_Long_sleeved_T-Shirts=135
KISII,SAMBURU,Keumbu  Hospital,Distributed_Protective_Clothings_Long_sleeved_T-Shirts,2,Distibuted_Sunscreen_Lotions=540; Distributed_After_Sun_Lotions=540; Distributed_Protective_Clothings_Caps=135; Distributed_Protective_Clothings_Long_sleeved_T-Shirts=135
